
> waypoint@0.1.21 test:e2e
> wdio run e2e/wdio.conf.js

2026-05-04T11:54:47.006Z INFO @wdio/cli:launcher: Run onPrepare hook

Execution of 9 workers started at 2026-05-04T11:54:47.015Z

2026-05-04T11:54:47.017Z INFO @wdio/cli:launcher: Run onWorkerStart hook
2026-05-04T11:54:47.018Z INFO @wdio/xvfb: XvfbManager.init() called
2026-05-04T11:54:47.018Z INFO @wdio/xvfb: Xvfb not needed on current platform
2026-05-04T11:54:47.019Z INFO @wdio/local-runner: Start worker 0-0 with arg: run e2e/wdio.conf.js
2026-05-04T11:54:47.058Z INFO @wdio/xvfb:ProcessFactory: xvfb-run not found, falling back to regular fork
2026-05-04T11:54:47.058Z INFO @wdio/xvfb:ProcessFactory: ProcessFactory: shouldRun=false, isAvailable=false
2026-05-04T11:54:47.058Z INFO @wdio/xvfb:ProcessFactory: Creating worker process with regular fork
[0-0] 2026-05-04T11:54:48.503Z INFO @wdio/local-runner: Run worker command: run
[0-0] RUNNING in undefined - file:///D:/a/waypoint/waypoint/waypoint/e2e/specs/altf4-close.spec.js
[0-0] 2026-05-04T11:54:48.937Z INFO webdriver: Initiate new session using the WebDriver protocol
[0-0] 2026-05-04T11:54:48.938Z INFO @wdio/utils: Connecting to existing driver at http://127.0.0.1:4444/
[0-0] 2026-05-04T11:54:48.950Z INFO webdriver: [POST] http://127.0.0.1:4444/session
[0-0] Error serving connection: hyper::Error(User(Service), client error (Connect)
[0-0] 
[0-0] Caused by:
[0-0]     0: tcp connect error
[0-0]     1: No connection could be made because the target machine actively refused it. (os error 10061))
[0-0] 2026-05-04T11:54:50.973Z INFO webdriver: Retrying 1/3
[0-0] 2026-05-04T11:54:50.973Z INFO webdriver: [POST] http://127.0.0.1:4444/session
[0-0] 2026-05-04T11:54:50.972Z WARN webdriver: WebDriverError: Request failed with error code UND_ERR_SOCKET when running "http://127.0.0.1:4444/session" with method "POST"
[0-0] Error serving connection: hyper::Error(User(Service), client error (Connect)
[0-0] 
[0-0] Caused by:
[0-0]     0: tcp connect error
[0-0]     1: No connection could be made because the target machine actively refused it. (os error 10061))
[0-0] 2026-05-04T11:54:53.516Z WARN webdriver: WebDriverError: Request failed with error code UND_ERR_SOCKET when running "http://127.0.0.1:4444/session" with method "POST"
[0-0] 2026-05-04T11:54:53.516Z INFO webdriver: Retrying 2/3
[0-0] 2026-05-04T11:54:53.516Z INFO webdriver: [POST] http://127.0.0.1:4444/session
[0-0] 2026-05-04T11:55:09.456Z INFO webdriver: COMMAND getWindowHandle()
[0-0] 2026-05-04T11:55:09.457Z INFO webdriver: [GET] http://127.0.0.1:4444/session/2d5666154d29565cad0874559b165187/window
[0-0] 2026-05-04T11:55:09.462Z INFO webdriver: RESULT AC3E65C471F8B473075405A50F427F01
[0-0] 2026-05-04T11:55:09.470Z INFO webdriver: COMMAND getPageSource()
[0-0] 2026-05-04T11:55:09.470Z INFO webdriver: [GET] http://127.0.0.1:4444/session/2d5666154d29565cad0874559b165187/source
[0-0] 2026-05-04T11:55:09.549Z INFO webdriver: RESULT <html lang="en"><head>
[0-0]     <meta charset="utf-8">
[0-0]     <link rel="icon" href="http://tauri.localhost/favicon.png">
[0-0]     <meta name="viewport" content="width=device-width, initial-scale=1">
[0-0]     <title>Waypoint</title>
[0-0]     <link href="/_app/immutable/entry/start.CkYLcQaC.js" rel="modulepreload">
[0-0] 		<link href="/_app/immutable/chunks/xMTTk29t.js" rel="modulepreload">
[0-0] 		<link href="/_app/immutable/chunks/BrvQaNFF.js" rel="modulepreload">
[0-0] 		<link href="/_app/immutable/chunks/DwxfgNgC.js" rel="modulepreload">
[0-0] 		<link href="/_app/immutable/entry/app.BpDh7PSE.js" rel="modulepreload">
[0-0] 		<link href="/_app/immutable/chunks/CXr6ktTA.js" rel="modulepreload">
[0-0] 		<link href="/_app/immutable/chunks/D9elXV-C.js" rel="modulepreload">
[0-0] 		<link href="/_app/immutable/chunks/DnwWQDu8.js" rel="modulepreload">
[0-0] 		
[0-0]   <link rel="modulepreload" as="script" crossorigin="" href="http://tauri.localhost/_app/immutable/nodes/0.D7mbmQ2z.js"><link rel="modulepreload" as="script" crossorigin="" href="http://tauri.localhost/_app/immutable/chunks/C9OVhmEN.js"><link rel="stylesheet" crossorigin="" href="http://tauri.localhost/_app/immutable/assets/0.CkmnEqie.css"><link rel="modulepreload" as="script" crossorigin="" href="http://tauri.localhost/_app/immutable/nodes/1.BgVLJEVI.js"><link rel="modulepreload" as="script" crossorigin="" href="http://tauri.localhost/_app/immutable/nodes/2.hMicA2SK.js"><link rel="stylesheet" crossorigin="" href="http://tauri.localhost/_app/immutable/assets/2.D-ylHd_F.css"></head>
[0-0]   <!-- background 直接寫在 body，確保 JS 載入前不顯示白屏 -->
[0-0]   <body data-sveltekit-preload-data="hover" style="background:#1e1e1e;color:#cccccc">
[0-0]     <div style="display: contents">
[0-0] 			<script>
[0-0] 				{
[0-0] 					__sveltekit_1wk6xy5 = {
[0-0] 						base: ""
[0-0] 					};
[0-0] 
[0-0] 					const element = document.currentScript.parentElement;
[0-0] 
[0-0] 					Promise.all([
[0-0] 						import("/_app/immutable/entry/start.CkYLcQaC.js"),
[0-0] 						import("/_app/immutable/entry/app.BpDh7PSE.js")
[0-0] 					]).then(([kit, app]) => {
[0-0] 						kit.start(app, element);
[0-0] 					});
[0-0] 				}
[0-0] 			</script>
[0-0] 		<!----><!----><!----><!----><!----><div class="list-window svelte-701jsl"><div class="draggable-titlebar titlebar svelte-5wg0lt" data-tauri-drag-region=""><div class="titlebar-left svelte-701jsl" data-tauri-drag-region=""><span class="app-name svelte-701jsl" data-tauri-drag-region="">WAYPOINT</span> <button class="icon-btn svelte-701jsl" title="使用說明">?</button></div> <div class="titlebar-right svelte-701jsl"><button class="icon-btn svelte-701jsl" title="設定">⚙</button> <button class="icon-btn svelte-701jsl" title="收起全部">⇊</button> <button class="icon-btn svelte-701jsl" title="最小化列表">—</button> <button class="icon-btn svelte-701jsl" title="結束 Waypoint">✕</button></div><!----></div><!----> <div class="list-body svelte-701jsl"><div class="section svelte-1hchbgo"><div class="section-header svelte-1hchbgo"><span class="section-label">🌐 全域筆記</span> <button class="add-btn svelte-1hchbgo" title="新增全域筆記">+</button></div> <!----></div><!----> <div class="divider"></div> <!----></div></div><!----> <div id="svelte-announcer" aria-live="assertive" aria-atomic="true" style="position: absolute; left: 0; top: 0; clip: rect(0 0 0 0); clip-path: inset(50%); overflow: hidden; white-space: nowrap; width: 1px; height: 1px"><!----></div><!----></div>
[0-0]   
[0-0] 
[0-0] </body></html>
[0-0] 2026-05-04T11:55:09.551Z INFO webdriver: COMMAND executeScript(<fn>, <object>)
[0-0] 2026-05-04T11:55:09.551Z INFO webdriver: [POST] http://127.0.0.1:4444/session/2d5666154d29565cad0874559b165187/execute/sync
[0-0] 2026-05-04T11:55:09.552Z INFO webdriver: DATA {"script":"\n            function webdriverioPolyfill() {\n  var __defProp = Object.defineProperty;\n  var __name = function(target, _value) {\n    return __defProp(target, \"name\", { value: _value, configurable: true });\n  };\n  var __globalThis = typeof globalThis === \"object\" && globalThis || typeof window === \"object\" && window;\n  __globalThis.__name = __name;\n}\n            webdriverioPolyfill();\n            return (() => typeof window.__TAURI_INTERNALS__?.invoke === \"function\").apply(null, arguments)\n        ","args":[]}
[0-0] 2026-05-04T11:55:09.562Z INFO webdriver: RESULT true
[0-0] 2026-05-04T11:55:09.565Z INFO webdriver: COMMAND getWindowHandles()
[0-0] 2026-05-04T11:55:09.566Z INFO webdriver: [GET] http://127.0.0.1:4444/session/2d5666154d29565cad0874559b165187/window/handles
[0-0] 2026-05-04T11:55:09.568Z INFO webdriver: RESULT [ 'AC3E65C471F8B473075405A50F427F01' ]
[0-0] 2026-05-04T11:55:09.569Z INFO webdriver: COMMAND switchToWindow("AC3E65C471F8B473075405A50F427F01")
[0-0] 2026-05-04T11:55:09.569Z INFO webdriver: [POST] http://127.0.0.1:4444/session/2d5666154d29565cad0874559b165187/window
[0-0] 2026-05-04T11:55:09.570Z INFO webdriver: DATA {"handle":"AC3E65C471F8B473075405A50F427F01"}
[0-0] 2026-05-04T11:55:09.572Z INFO webdriver: RESULT null
[0-0] 2026-05-04T11:55:09.573Z INFO webdriver: COMMAND executeAsyncScript(<fn>, <object>)
[0-0] 2026-05-04T11:55:09.573Z INFO webdriver: [POST] http://127.0.0.1:4444/session/2d5666154d29565cad0874559b165187/execute/async
[0-0] 2026-05-04T11:55:09.573Z INFO webdriver: DATA {"script":"\n            function webdriverioPolyfill() {\n  var __defProp = Object.defineProperty;\n  var __name = function(target, _value) {\n    return __defProp(target, \"name\", { value: _value, configurable: true });\n  };\n  var __globalThis = typeof globalThis === \"object\" && globalThis || typeof window === \"object\" && window;\n  __globalThis.__name = __name;\n}\n            webdriverioPolyfill()\n            return ((c, a, done) => {\r\n      window.__TAURI_INTERNALS__\r\n        .invoke(c, a)\r\n        .then((r) => done({ ok: true, value: r }))\r\n        .catch((e) => done({ ok: false, error: String(e) }));\r\n    }).apply(null, arguments)\n        ","args":["create_note",{"contextId":null,"title":"TestAltF4"}]}
[0-0] 2026-05-04T11:55:09.581Z INFO webdriver: RESULT {
[0-0]   ok: true,
[0-0]   value: {
[0-0]     content: '',
[0-0]     contextId: null,
[0-0]     id: 'c7752d54-07de-4603-9448-84476eca5adf',
[0-0]     settings: {
[0-0]       fontSize: 14,
[0-0]       hotkey: null,
[0-0]       opacity: 1,
[0-0]       passthrough: false,
[0-0]       windowBounds: null
[0-0]     },
[0-0]     title: 'TestAltF4'
[0-0]   }
[0-0] }
[0-0] 2026-05-04T11:55:09.582Z INFO webdriver: COMMAND getWindowHandles()
[0-0] 2026-05-04T11:55:09.582Z INFO webdriver: [GET] http://127.0.0.1:4444/session/2d5666154d29565cad0874559b165187/window/handles
[0-0] 2026-05-04T11:55:09.585Z INFO webdriver: RESULT [ 'AC3E65C471F8B473075405A50F427F01' ]
[0-0] 2026-05-04T11:55:09.585Z INFO webdriver: COMMAND executeAsyncScript(<fn>, <object>)
[0-0] 2026-05-04T11:55:09.585Z INFO webdriver: [POST] http://127.0.0.1:4444/session/2d5666154d29565cad0874559b165187/execute/async
[0-0] 2026-05-04T11:55:09.586Z INFO webdriver: DATA {"script":"\n            function webdriverioPolyfill() {\n  var __defProp = Object.defineProperty;\n  var __name = function(target, _value) {\n    return __defProp(target, \"name\", { value: _value, configurable: true });\n  };\n  var __globalThis = typeof globalThis === \"object\" && globalThis || typeof window === \"object\" && window;\n  __globalThis.__name = __name;\n}\n            webdriverioPolyfill()\n            return ((c, a, done) => {\r\n      window.__TAURI_INTERNALS__\r\n        .invoke(c, a)\r\n        .then((r) => done({ ok: true, value: r }))\r\n        .catch((e) => done({ ok: false, error: String(e) }));\r\n    }).apply(null, arguments)\n        ","args":["cmd_open_note_window",{"noteId":"c7752d54-07de-4603-9448-84476eca5adf","contextId":null}]}
[0-0] 2026-05-04T11:55:09.765Z INFO webdriver: RESULT { ok: true, value: null }
[0-0] 2026-05-04T11:55:09.766Z INFO webdriver: COMMAND getWindowHandles()
[0-0] 2026-05-04T11:55:09.767Z INFO webdriver: [GET] http://127.0.0.1:4444/session/2d5666154d29565cad0874559b165187/window/handles
[0-0] 2026-05-04T11:55:09.784Z INFO webdriver: RESULT [
[0-0]   'AC3E65C471F8B473075405A50F427F01',
[0-0]   'F19C4C6713483CC5D228F2CF30A75458'
[0-0] ]
[0-0] 2026-05-04T11:55:09.784Z INFO webdriver: COMMAND getWindowHandles()
[0-0] 2026-05-04T11:55:09.785Z INFO webdriver: [GET] http://127.0.0.1:4444/session/2d5666154d29565cad0874559b165187/window/handles
[0-0] 2026-05-04T11:55:09.788Z INFO webdriver: RESULT [
[0-0]   'AC3E65C471F8B473075405A50F427F01',
[0-0]   'F19C4C6713483CC5D228F2CF30A75458'
[0-0] ]
[0-0] 2026-05-04T11:55:09.789Z INFO webdriver: COMMAND switchToWindow("F19C4C6713483CC5D228F2CF30A75458")
[0-0] 2026-05-04T11:55:09.789Z INFO webdriver: [POST] http://127.0.0.1:4444/session/2d5666154d29565cad0874559b165187/window
[0-0] 2026-05-04T11:55:09.789Z INFO webdriver: DATA {"handle":"F19C4C6713483CC5D228F2CF30A75458"}
[0-0] 2026-05-04T11:55:09.792Z INFO webdriver: RESULT null
[0-0] 2026-05-04T11:55:09.793Z INFO webdriver: COMMAND executeAsyncScript(<fn>, <object>)
[0-0] 2026-05-04T11:55:09.793Z INFO webdriver: [POST] http://127.0.0.1:4444/session/2d5666154d29565cad0874559b165187/execute/async
[0-0] 2026-05-04T11:55:09.793Z INFO webdriver: DATA {"script":"\n            function webdriverioPolyfill() {\n  var __defProp = Object.defineProperty;\n  var __name = function(target, _value) {\n    return __defProp(target, \"name\", { value: _value, configurable: true });\n  };\n  var __globalThis = typeof globalThis === \"object\" && globalThis || typeof window === \"object\" && window;\n  __globalThis.__name = __name;\n}\n            webdriverioPolyfill()\n            return ((c, a, done) => {\r\n      window.__TAURI_INTERNALS__\r\n        .invoke(c, a)\r\n        .then((r) => done({ ok: true, value: r }))\r\n        .catch((e) => done({ ok: false, error: String(e) }));\r\n    }).apply(null, arguments)\n        ","args":["cmd_close_note_window",{"noteId":"c7752d54-07de-4603-9448-84476eca5adf"}]}
[0-0] 2026-05-04T11:55:09.811Z INFO webdriver: RESULT { ok: true, value: null }
[0-0] 2026-05-04T11:55:09.811Z INFO webdriver: COMMAND getWindowHandles()
[0-0] 2026-05-04T11:55:09.813Z INFO webdriver: [GET] http://127.0.0.1:4444/session/2d5666154d29565cad0874559b165187/window/handles
[0-0] 2026-05-04T11:55:09.817Z INFO webdriver: RESULT [
[0-0]   'AC3E65C471F8B473075405A50F427F01',
[0-0]   'F19C4C6713483CC5D228F2CF30A75458'
[0-0] ]
[0-0] 2026-05-04T11:55:09.913Z INFO webdriver: COMMAND getWindowHandles()
[0-0] 2026-05-04T11:55:09.913Z INFO webdriver: [GET] http://127.0.0.1:4444/session/2d5666154d29565cad0874559b165187/window/handles
[0-0] 2026-05-04T11:55:09.916Z INFO webdriver: RESULT [ 'AC3E65C471F8B473075405A50F427F01' ]
[0-0] 2026-05-04T11:55:09.916Z INFO webdriver: COMMAND getWindowHandles()
[0-0] 2026-05-04T11:55:09.917Z INFO webdriver: [GET] http://127.0.0.1:4444/session/2d5666154d29565cad0874559b165187/window/handles
[0-0] 2026-05-04T11:55:09.919Z INFO webdriver: RESULT [ 'AC3E65C471F8B473075405A50F427F01' ]
[0-0] 2026-05-04T11:55:09.919Z INFO webdriver: COMMAND switchToWindow("AC3E65C471F8B473075405A50F427F01")
[0-0] 2026-05-04T11:55:09.919Z INFO webdriver: [POST] http://127.0.0.1:4444/session/2d5666154d29565cad0874559b165187/window
[0-0] 2026-05-04T11:55:09.920Z INFO webdriver: DATA {"handle":"AC3E65C471F8B473075405A50F427F01"}
[0-0] 2026-05-04T11:55:09.922Z INFO webdriver: RESULT null
[0-0] 2026-05-04T11:55:09.922Z INFO webdriver: COMMAND executeAsyncScript(<fn>, <object>)
[0-0] 2026-05-04T11:55:09.923Z INFO webdriver: [POST] http://127.0.0.1:4444/session/2d5666154d29565cad0874559b165187/execute/async
[0-0] 2026-05-04T11:55:09.923Z INFO webdriver: DATA {"script":"\n            function webdriverioPolyfill() {\n  var __defProp = Object.defineProperty;\n  var __name = function(target, _value) {\n    return __defProp(target, \"name\", { value: _value, configurable: true });\n  };\n  var __globalThis = typeof globalThis === \"object\" && globalThis || typeof window === \"object\" && window;\n  __globalThis.__name = __name;\n}\n            webdriverioPolyfill()\n            return ((c, a, done) => {\r\n      window.__TAURI_INTERNALS__\r\n        .invoke(c, a)\r\n        .then((r) => done({ ok: true, value: r }))\r\n        .catch((e) => done({ ok: false, error: String(e) }));\r\n    }).apply(null, arguments)\n        ","args":["cmd_collapse_all",{}]}
[0-0] 2026-05-04T11:55:09.933Z INFO webdriver: RESULT { ok: true, value: null }
[0-0] 2026-05-04T11:55:09.933Z INFO webdriver: COMMAND executeAsyncScript(<fn>, <object>)
[0-0] 2026-05-04T11:55:09.934Z INFO webdriver: [POST] http://127.0.0.1:4444/session/2d5666154d29565cad0874559b165187/execute/async
[0-0] 2026-05-04T11:55:09.934Z INFO webdriver: DATA {"script":"\n            function webdriverioPolyfill() {\n  var __defProp = Object.defineProperty;\n  var __name = function(target, _value) {\n    return __defProp(target, \"name\", { value: _value, configurable: true });\n  };\n  var __globalThis = typeof globalThis === \"object\" && globalThis || typeof window === \"object\" && window;\n  __globalThis.__name = __name;\n}\n            webdriverioPolyfill()\n            return ((done) => {\r\n      // 直接使用 Tauri internals invoke，避免 bare specifier 在 webview 無法解析\r\n      window.__TAURI_INTERNALS__\r\n        .invoke(\"plugin:event|emit\", { event: \"waypoint://list-shown\", payload: null })\r\n        .then(() => done(true))\r\n        .catch((e) => done(String(e)));\r\n    }).apply(null, arguments)\n        ","args":[]}
[0-0] 2026-05-04T11:55:09.944Z INFO webdriver: RESULT true
[0-0] 2026-05-04T11:55:10.445Z INFO webdriver: COMMAND getWindowHandles()
[0-0] 2026-05-04T11:55:10.446Z INFO webdriver: [GET] http://127.0.0.1:4444/session/2d5666154d29565cad0874559b165187/window/handles
[0-0] 2026-05-04T11:55:10.448Z INFO webdriver: RESULT [ 'AC3E65C471F8B473075405A50F427F01' ]
[0-0] 2026-05-04T11:55:10.450Z INFO webdriver: COMMAND deleteSession()
[0-0] 2026-05-04T11:55:10.450Z INFO webdriver: [DELETE] http://127.0.0.1:4444/session/2d5666154d29565cad0874559b165187
[0-0] 2026-05-04T11:55:10.467Z INFO webdriver: RESULT null
[0-0] PASSED in undefined - file:///D:/a/waypoint/waypoint/waypoint/e2e/specs/altf4-close.spec.js
2026-05-04T11:55:10.587Z INFO @wdio/cli:launcher: Run onWorkerEnd hook
2026-05-04T11:55:10.587Z INFO @wdio/cli:launcher: Run onWorkerStart hook
2026-05-04T11:55:10.589Z INFO @wdio/local-runner: Start worker 0-1 with arg: run e2e/wdio.conf.js
2026-05-04T11:55:10.688Z INFO @wdio/xvfb:ProcessFactory: xvfb-run not found, falling back to regular fork
2026-05-04T11:55:10.688Z INFO @wdio/xvfb:ProcessFactory: ProcessFactory: shouldRun=false, isAvailable=false
2026-05-04T11:55:10.688Z INFO @wdio/xvfb:ProcessFactory: Creating worker process with regular fork
[0-1] 2026-05-04T11:55:12.099Z INFO @wdio/local-runner: Run worker command: run
[0-1] RUNNING in undefined - file:///D:/a/waypoint/waypoint/waypoint/e2e/specs/drag.spec.js
[0-1] 2026-05-04T11:55:12.508Z INFO webdriver: Initiate new session using the WebDriver protocol
[0-1] 2026-05-04T11:55:12.508Z INFO @wdio/utils: Connecting to existing driver at http://127.0.0.1:4444/
[0-1] 2026-05-04T11:55:12.520Z INFO webdriver: [POST] http://127.0.0.1:4444/session
[0-1] 2026-05-04T11:55:13.232Z INFO webdriver: COMMAND getWindowHandle()
[0-1] 2026-05-04T11:55:13.233Z INFO webdriver: [GET] http://127.0.0.1:4444/session/3079215ea2fcc410a47c93482168feb4/window
[0-1] 2026-05-04T11:55:13.238Z INFO webdriver: RESULT 414CFC656266BF85504B4322D9B8D886
[0-1] 2026-05-04T11:55:13.248Z INFO webdriver: COMMAND getPageSource()
[0-1] 2026-05-04T11:55:13.248Z INFO webdriver: [GET] http://127.0.0.1:4444/session/3079215ea2fcc410a47c93482168feb4/source
[0-1] 2026-05-04T11:55:13.256Z INFO webdriver: RESULT <html lang="en"><head>
[0-1]     <meta charset="utf-8">
[0-1]     <link rel="icon" href="/favicon.png">
[0-1]     <meta name="viewport" content="width=device-width, initial-scale=1">
[0-1]     <title>Waypoint</title>
[0-1]     <link href="/_app/immutable/entry/start.CkYLcQaC.js" rel="modulepreload">
[0-1] 		<link href="/_app/immutable/chunks/xMTTk29t.js" rel="modulepreload">
[0-1] 		<link href="/_app/immutable/chunks/BrvQaNFF.js" rel="modulepreload">
[0-1] 		<link href="/_app/immutable/chunks/DwxfgNgC.js" rel="modulepreload">
[0-1] 		<link href="/_app/immutable/entry/app.BpDh7PSE.js" rel="modulepreload">
[0-1] 		<link href="/_app/immutable/chunks/CXr6ktTA.js" rel="modulepreload">
[0-1] 		<link href="/_app/immutable/chunks/D9elXV-C.js" rel="modulepreload">
[0-1] 		<link href="/_app/immutable/chunks/DnwWQDu8.js" rel="modulepreload">
[0-1] 		
[0-1]   <link rel="modulepreload" as="script" crossorigin="" href="http://tauri.localhost/_app/immutable/nodes/0.D7mbmQ2z.js"><link rel="modulepreload" as="script" crossorigin="" href="http://tauri.localhost/_app/immutable/chunks/C9OVhmEN.js"><link rel="stylesheet" crossorigin="" href="http://tauri.localhost/_app/immutable/assets/0.CkmnEqie.css"><link rel="modulepreload" as="script" crossorigin="" href="http://tauri.localhost/_app/immutable/nodes/1.BgVLJEVI.js"><link rel="modulepreload" as="script" crossorigin="" href="http://tauri.localhost/_app/immutable/nodes/2.hMicA2SK.js"><link rel="stylesheet" crossorigin="" href="http://tauri.localhost/_app/immutable/assets/2.D-ylHd_F.css"></head>
[0-1]   <!-- background 直接寫在 body，確保 JS 載入前不顯示白屏 -->
[0-1]   <body data-sveltekit-preload-data="hover" style="background:#1e1e1e;color:#cccccc">
[0-1]     <div style="display: contents">
[0-1] 			<script>
[0-1] 				{
[0-1] 					__sveltekit_1wk6xy5 = {
[0-1] 						base: ""
[0-1] 					};
[0-1] 
[0-1] 					const element = document.currentScript.parentElement;
[0-1] 
[0-1] 					Promise.all([
[0-1] 						import("/_app/immutable/entry/start.CkYLcQaC.js"),
[0-1] 						import("/_app/immutable/entry/app.BpDh7PSE.js")
[0-1] 					]).then(([kit, app]) => {
[0-1] 						kit.start(app, element);
[0-1] 					});
[0-1] 				}
[0-1] 			</script>
[0-1] 		</div>
[0-1]   
[0-1] 
[0-1] </body></html>
[0-1] 2026-05-04T11:55:13.349Z INFO webdriver: COMMAND getPageSource()
[0-1] 2026-05-04T11:55:13.350Z INFO webdriver: [GET] http://127.0.0.1:4444/session/3079215ea2fcc410a47c93482168feb4/source
[0-1] 2026-05-04T11:55:13.358Z INFO webdriver: RESULT <html lang="en"><head>
[0-1]     <meta charset="utf-8">
[0-1]     <link rel="icon" href="http://tauri.localhost/favicon.png">
[0-1]     <meta name="viewport" content="width=device-width, initial-scale=1">
[0-1]     <title>Waypoint</title>
[0-1]     <link href="/_app/immutable/entry/start.CkYLcQaC.js" rel="modulepreload">
[0-1] 		<link href="/_app/immutable/chunks/xMTTk29t.js" rel="modulepreload">
[0-1] 		<link href="/_app/immutable/chunks/BrvQaNFF.js" rel="modulepreload">
[0-1] 		<link href="/_app/immutable/chunks/DwxfgNgC.js" rel="modulepreload">
[0-1] 		<link href="/_app/immutable/entry/app.BpDh7PSE.js" rel="modulepreload">
[0-1] 		<link href="/_app/immutable/chunks/CXr6ktTA.js" rel="modulepreload">
[0-1] 		<link href="/_app/immutable/chunks/D9elXV-C.js" rel="modulepreload">
[0-1] 		<link href="/_app/immutable/chunks/DnwWQDu8.js" rel="modulepreload">
[0-1] 		
[0-1]   <link rel="modulepreload" as="script" crossorigin="" href="http://tauri.localhost/_app/immutable/nodes/0.D7mbmQ2z.js"><link rel="modulepreload" as="script" crossorigin="" href="http://tauri.localhost/_app/immutable/chunks/C9OVhmEN.js"><link rel="stylesheet" crossorigin="" href="http://tauri.localhost/_app/immutable/assets/0.CkmnEqie.css"><link rel="modulepreload" as="script" crossorigin="" href="http://tauri.localhost/_app/immutable/nodes/1.BgVLJEVI.js"><link rel="modulepreload" as="script" crossorigin="" href="http://tauri.localhost/_app/immutable/nodes/2.hMicA2SK.js"><link rel="stylesheet" crossorigin="" href="http://tauri.localhost/_app/immutable/assets/2.D-ylHd_F.css"></head>
[0-1]   <!-- background 直接寫在 body，確保 JS 載入前不顯示白屏 -->
[0-1]   <body data-sveltekit-preload-data="hover" style="background:#1e1e1e;color:#cccccc">
[0-1]     <div style="display: contents">
[0-1] 			<script>
[0-1] 				{
[0-1] 					__sveltekit_1wk6xy5 = {
[0-1] 						base: ""
[0-1] 					};
[0-1] 
[0-1] 					const element = document.currentScript.parentElement;
[0-1] 
[0-1] 					Promise.all([
[0-1] 						import("/_app/immutable/entry/start.CkYLcQaC.js"),
[0-1] 						import("/_app/immutable/entry/app.BpDh7PSE.js")
[0-1] 					]).then(([kit, app]) => {
[0-1] 						kit.start(app, element);
[0-1] 					});
[0-1] 				}
[0-1] 			</script>
[0-1] 		<!----><!----><!----><!----><!----><div class="list-window svelte-701jsl"><div class="draggable-titlebar titlebar svelte-5wg0lt" data-tauri-drag-region=""><div class="titlebar-left svelte-701jsl" data-tauri-drag-region=""><span class="app-name svelte-701jsl" data-tauri-drag-region="">WAYPOINT</span> <button class="icon-btn svelte-701jsl" title="使用說明">?</button></div> <div class="titlebar-right svelte-701jsl"><button class="icon-btn svelte-701jsl" title="設定">⚙</button> <button class="icon-btn svelte-701jsl" title="收起全部">⇊</button> <button class="icon-btn svelte-701jsl" title="最小化列表">—</button> <button class="icon-btn svelte-701jsl" title="結束 Waypoint">✕</button></div><!----></div><!----> <div class="list-body svelte-701jsl"><div class="section svelte-1hchbgo"><div class="section-header svelte-1hchbgo"><span class="section-label">🌐 全域筆記</span> <button class="add-btn svelte-1hchbgo" title="新增全域筆記">+</button></div> <!----><div role="button" tabindex="0" class="note-item svelte-1mz4n7r" draggable="true" data-note-id="c7752d54-07de-4603-9448-84476eca5adf" title="Untitled"><span class="icon svelte-1mz4n7r">📄</span> <span class="title svelte-1mz4n7r">Untitled</span></div><!----> <!----> <!----><!----></div><!----> <div class="divider"></div> <!----></div></div><!----> <div id="svelte-announcer" aria-live="assertive" aria-atomic="true" style="position: absolute; left: 0; top: 0; clip: rect(0 0 0 0); clip-path: inset(50%); overflow: hidden; white-space: nowrap; width: 1px; height: 1px"><!----></div><!----></div>
[0-1]   
[0-1] 
[0-1] </body></html>
[0-1] 2026-05-04T11:55:13.360Z INFO webdriver: COMMAND executeScript(<fn>, <object>)
[0-1] 2026-05-04T11:55:13.361Z INFO webdriver: [POST] http://127.0.0.1:4444/session/3079215ea2fcc410a47c93482168feb4/execute/sync
[0-1] 2026-05-04T11:55:13.361Z INFO webdriver: DATA {"script":"\n            function webdriverioPolyfill() {\n  var __defProp = Object.defineProperty;\n  var __name = function(target, _value) {\n    return __defProp(target, \"name\", { value: _value, configurable: true });\n  };\n  var __globalThis = typeof globalThis === \"object\" && globalThis || typeof window === \"object\" && window;\n  __globalThis.__name = __name;\n}\n            webdriverioPolyfill();\n            return (() => typeof window.__TAURI_INTERNALS__?.invoke === \"function\").apply(null, arguments)\n        ","args":[]}
[0-1] 2026-05-04T11:55:13.374Z INFO webdriver: RESULT true
[0-1] 2026-05-04T11:55:13.375Z INFO webdriver: COMMAND executeAsyncScript(<fn>, <object>)
[0-1] 2026-05-04T11:55:13.375Z INFO webdriver: [POST] http://127.0.0.1:4444/session/3079215ea2fcc410a47c93482168feb4/execute/async
[0-1] 2026-05-04T11:55:13.376Z INFO webdriver: DATA {"script":"\n            function webdriverioPolyfill() {\n  var __defProp = Object.defineProperty;\n  var __name = function(target, _value) {\n    return __defProp(target, \"name\", { value: _value, configurable: true });\n  };\n  var __globalThis = typeof globalThis === \"object\" && globalThis || typeof window === \"object\" && window;\n  __globalThis.__name = __name;\n}\n            webdriverioPolyfill()\n            return ((c, a, done) => {\r\n      window.__TAURI_INTERNALS__.invoke(c, a)\r\n        .then((r) => done({ ok: true, value: r }))\r\n        .catch((e) => done({ ok: false, error: String(e) }));\r\n    }).apply(null, arguments)\n        ","args":["create_note",{"contextId":null,"title":"drag test"}]}
[0-1] 2026-05-04T11:55:13.384Z INFO webdriver: RESULT {
[0-1]   ok: true,
[0-1]   value: {
[0-1]     content: '',
[0-1]     contextId: null,
[0-1]     id: '86dac50f-d896-42c4-826e-913773347c5d',
[0-1]     settings: {
[0-1]       fontSize: 14,
[0-1]       hotkey: null,
[0-1]       opacity: 1,
[0-1]       passthrough: false,
[0-1]       windowBounds: null
[0-1]     },
[0-1]     title: 'drag test'
[0-1]   }
[0-1] }
[0-1] 2026-05-04T11:55:13.386Z INFO webdriver: COMMAND getWindowHandles()
[0-1] 2026-05-04T11:55:13.386Z INFO webdriver: [GET] http://127.0.0.1:4444/session/3079215ea2fcc410a47c93482168feb4/window/handles
[0-1] 2026-05-04T11:55:13.388Z INFO webdriver: RESULT [ '414CFC656266BF85504B4322D9B8D886' ]
[0-1] 2026-05-04T11:55:13.389Z INFO webdriver: COMMAND executeAsyncScript(<fn>, <object>)
[0-1] 2026-05-04T11:55:13.389Z INFO webdriver: [POST] http://127.0.0.1:4444/session/3079215ea2fcc410a47c93482168feb4/execute/async
[0-1] 2026-05-04T11:55:13.389Z INFO webdriver: DATA {"script":"\n            function webdriverioPolyfill() {\n  var __defProp = Object.defineProperty;\n  var __name = function(target, _value) {\n    return __defProp(target, \"name\", { value: _value, configurable: true });\n  };\n  var __globalThis = typeof globalThis === \"object\" && globalThis || typeof window === \"object\" && window;\n  __globalThis.__name = __name;\n}\n            webdriverioPolyfill()\n            return ((c, a, done) => {\r\n      window.__TAURI_INTERNALS__.invoke(c, a)\r\n        .then((r) => done({ ok: true, value: r }))\r\n        .catch((e) => done({ ok: false, error: String(e) }));\r\n    }).apply(null, arguments)\n        ","args":["cmd_open_note_window",{"noteId":"86dac50f-d896-42c4-826e-913773347c5d","contextId":null}]}
[0-1] 2026-05-04T11:55:13.536Z INFO webdriver: RESULT { ok: true, value: null }
[0-1] 2026-05-04T11:55:13.537Z INFO webdriver: COMMAND getWindowHandles()
[0-1] 2026-05-04T11:55:13.540Z INFO webdriver: [GET] http://127.0.0.1:4444/session/3079215ea2fcc410a47c93482168feb4/window/handles
[0-1] 2026-05-04T11:55:13.554Z INFO webdriver: RESULT [
[0-1]   '414CFC656266BF85504B4322D9B8D886',
[0-1]   'A9A49116BF9DE2FA38424D656FBFA4E8'
[0-1] ]
[0-1] 2026-05-04T11:55:13.554Z INFO webdriver: COMMAND getWindowHandles()
[0-1] 2026-05-04T11:55:13.555Z INFO webdriver: [GET] http://127.0.0.1:4444/session/3079215ea2fcc410a47c93482168feb4/window/handles
[0-1] 2026-05-04T11:55:13.558Z INFO webdriver: RESULT [
[0-1]   '414CFC656266BF85504B4322D9B8D886',
[0-1]   'A9A49116BF9DE2FA38424D656FBFA4E8'
[0-1] ]
[0-1] 2026-05-04T11:55:13.560Z INFO webdriver: COMMAND switchToWindow("A9A49116BF9DE2FA38424D656FBFA4E8")
[0-1] 2026-05-04T11:55:13.560Z INFO webdriver: [POST] http://127.0.0.1:4444/session/3079215ea2fcc410a47c93482168feb4/window
[0-1] 2026-05-04T11:55:13.560Z INFO webdriver: DATA {"handle":"A9A49116BF9DE2FA38424D656FBFA4E8"}
[0-1] 2026-05-04T11:55:13.574Z INFO webdriver: RESULT null
[0-1] 2026-05-04T11:55:13.577Z INFO webdriver: COMMAND findElement("css selector", ".titlebar")
[0-1] 2026-05-04T11:55:13.577Z INFO webdriver: [POST] http://127.0.0.1:4444/session/3079215ea2fcc410a47c93482168feb4/element
[0-1] 2026-05-04T11:55:13.578Z INFO webdriver: DATA {"using":"css selector","value":".titlebar"}
[0-1] 2026-05-04T11:55:14.303Z INFO webdriver: RESULT {
[0-1]   'element-6066-11e4-a52e-4f735466cecf': 'f.A9A49116BF9DE2FA38424D656FBFA4E8.d.6F0E592079ED45A7B82980CB3CC42E32.e.4'
[0-1] }
[0-1] 2026-05-04T11:55:14.311Z INFO webdriver: COMMAND findElements("css selector", ".titlebar")
[0-1] 2026-05-04T11:55:14.311Z INFO webdriver: [POST] http://127.0.0.1:4444/session/3079215ea2fcc410a47c93482168feb4/elements
[0-1] 2026-05-04T11:55:14.312Z INFO webdriver: DATA {"using":"css selector","value":".titlebar"}
[0-1] 2026-05-04T11:55:14.341Z INFO webdriver: RESULT [
[0-1]   {
[0-1]     'element-6066-11e4-a52e-4f735466cecf': 'f.A9A49116BF9DE2FA38424D656FBFA4E8.d.6F0E592079ED45A7B82980CB3CC42E32.e.4'
[0-1]   }
[0-1] ]
[0-1] 2026-05-04T11:55:14.349Z INFO webdriver: COMMAND findElement("css selector", ".titlebar")
[0-1] 2026-05-04T11:55:14.350Z INFO webdriver: [POST] http://127.0.0.1:4444/session/3079215ea2fcc410a47c93482168feb4/element
[0-1] 2026-05-04T11:55:14.350Z INFO webdriver: DATA {"using":"css selector","value":".titlebar"}
[0-1] 2026-05-04T11:55:14.359Z INFO webdriver: RESULT {
[0-1]   'element-6066-11e4-a52e-4f735466cecf': 'f.A9A49116BF9DE2FA38424D656FBFA4E8.d.6F0E592079ED45A7B82980CB3CC42E32.e.4'
[0-1] }
[0-1] 2026-05-04T11:55:14.362Z INFO webdriver: COMMAND getElementAttribute("f.A9A49116BF9DE2FA38424D656FBFA4E8.d.6F0E592079ED45A7B82980CB3CC42E32.e.4", "data-tauri-drag-region")
[0-1] 2026-05-04T11:55:14.363Z INFO webdriver: [GET] http://127.0.0.1:4444/session/3079215ea2fcc410a47c93482168feb4/element/f.A9A49116BF9DE2FA38424D656FBFA4E8.d.6F0E592079ED45A7B82980CB3CC42E32.e.4/attribute/data-tauri-drag-region
[0-1] 2026-05-04T11:55:14.369Z INFO webdriver: RESULT 
[0-1] 2026-05-04T11:55:14.370Z INFO webdriver: COMMAND executeScript(<fn>, <object>)
[0-1] 2026-05-04T11:55:14.371Z INFO webdriver: [POST] http://127.0.0.1:4444/session/3079215ea2fcc410a47c93482168feb4/execute/sync
[0-1] 2026-05-04T11:55:14.371Z INFO webdriver: DATA {"script":"\n            function webdriverioPolyfill() {\n  var __defProp = Object.defineProperty;\n  var __name = function(target, _value) {\n    return __defProp(target, \"name\", { value: _value, configurable: true });\n  };\n  var __globalThis = typeof globalThis === \"object\" && globalThis || typeof window === \"object\" && window;\n  __globalThis.__name = __name;\n}\n            webdriverioPolyfill();\n            return (() => {\r\n      const bar = document.querySelector(\".titlebar\");\r\n      if (!bar) return null;\r\n      const r = bar.getBoundingClientRect();\r\n      const cx = r.left + r.width / 2;\r\n      const cy = r.top + r.height / 2;\r\n      const el = document.elementFromPoint(cx, cy);\r\n      if (!el) return null;\r\n      // 回傳最靠近的、帶有 data-tauri-drag-region 的祖先 / 自身\r\n      let cur = el;\r\n      while (cur) {\r\n        if (cur.getAttribute && cur.getAttribute(\"data-tauri-drag-region\") !== null) {\r\n          return cur.className || cur.tagName;\r\n        }\r\n        cur = cur.parentElement;\r\n      }\r\n      return `NO_DRAG_REGION(${el.tagName}.${el.className})`;\r\n    }).apply(null, arguments)\n        ","args":[]}
[0-1] 2026-05-04T11:55:14.378Z INFO webdriver: RESULT draggable-titlebar titlebar svelte-5wg0lt
[0-1] 2026-05-04T11:55:14.379Z INFO webdriver: COMMAND executeAsyncScript(<fn>, <object>)
[0-1] 2026-05-04T11:55:14.379Z INFO webdriver: [POST] http://127.0.0.1:4444/session/3079215ea2fcc410a47c93482168feb4/execute/async
[0-1] 2026-05-04T11:55:14.379Z INFO webdriver: DATA {"script":"\n            function webdriverioPolyfill() {\n  var __defProp = Object.defineProperty;\n  var __name = function(target, _value) {\n    return __defProp(target, \"name\", { value: _value, configurable: true });\n  };\n  var __globalThis = typeof globalThis === \"object\" && globalThis || typeof window === \"object\" && window;\n  __globalThis.__name = __name;\n}\n            webdriverioPolyfill()\n            return ((c, a, done) => {\r\n      window.__TAURI_INTERNALS__.invoke(c, a)\r\n        .then((r) => done({ ok: true, value: r }))\r\n        .catch((e) => done({ ok: false, error: String(e) }));\r\n    }).apply(null, arguments)\n        ","args":["cmd_start_dragging",{"label":"note-86dac50f-d896-42c4-826e-913773347c5d"}]}
[0-1] 2026-05-04T11:55:14.387Z INFO webdriver: RESULT { ok: true, value: null }
[0-1] 2026-05-04T11:55:14.388Z INFO webdriver: COMMAND executeAsyncScript(<fn>, <object>)
[0-1] 2026-05-04T11:55:14.388Z INFO webdriver: [POST] http://127.0.0.1:4444/session/3079215ea2fcc410a47c93482168feb4/execute/async
[0-1] 2026-05-04T11:55:14.389Z INFO webdriver: DATA {"script":"\n            function webdriverioPolyfill() {\n  var __defProp = Object.defineProperty;\n  var __name = function(target, _value) {\n    return __defProp(target, \"name\", { value: _value, configurable: true });\n  };\n  var __globalThis = typeof globalThis === \"object\" && globalThis || typeof window === \"object\" && window;\n  __globalThis.__name = __name;\n}\n            webdriverioPolyfill()\n            return ((c, a, done) => {\r\n      window.__TAURI_INTERNALS__.invoke(c, a)\r\n        .then((r) => done({ ok: true, value: r }))\r\n        .catch((e) => done({ ok: false, error: String(e) }));\r\n    }).apply(null, arguments)\n        ","args":["cmd_get_window_position",{"label":"note-86dac50f-d896-42c4-826e-913773347c5d"}]}
[0-1] 2026-05-04T11:55:14.432Z INFO webdriver: RESULT { ok: true, value: [ 104, 104 ] }
[0-1] 2026-05-04T11:55:14.433Z INFO webdriver: COMMAND executeAsyncScript(<fn>, <object>)
[0-1] 2026-05-04T11:55:14.433Z INFO webdriver: [POST] http://127.0.0.1:4444/session/3079215ea2fcc410a47c93482168feb4/execute/async
[0-1] 2026-05-04T11:55:14.433Z INFO webdriver: DATA {"script":"\n            function webdriverioPolyfill() {\n  var __defProp = Object.defineProperty;\n  var __name = function(target, _value) {\n    return __defProp(target, \"name\", { value: _value, configurable: true });\n  };\n  var __globalThis = typeof globalThis === \"object\" && globalThis || typeof window === \"object\" && window;\n  __globalThis.__name = __name;\n}\n            webdriverioPolyfill()\n            return ((c, a, done) => {\r\n      window.__TAURI_INTERNALS__.invoke(c, a)\r\n        .then((r) => done({ ok: true, value: r }))\r\n        .catch((e) => done({ ok: false, error: String(e) }));\r\n    }).apply(null, arguments)\n        ","args":["cmd_set_window_position",{"label":"note-86dac50f-d896-42c4-826e-913773347c5d","x":224,"y":184}]}
[0-1] 2026-05-04T11:55:14.443Z INFO webdriver: RESULT { ok: true, value: null }
[0-1] 2026-05-04T11:55:14.443Z INFO webdriver: COMMAND executeAsyncScript(<fn>, <object>)
[0-1] 2026-05-04T11:55:14.443Z INFO webdriver: [POST] http://127.0.0.1:4444/session/3079215ea2fcc410a47c93482168feb4/execute/async
[0-1] 2026-05-04T11:55:14.444Z INFO webdriver: DATA {"script":"\n            function webdriverioPolyfill() {\n  var __defProp = Object.defineProperty;\n  var __name = function(target, _value) {\n    return __defProp(target, \"name\", { value: _value, configurable: true });\n  };\n  var __globalThis = typeof globalThis === \"object\" && globalThis || typeof window === \"object\" && window;\n  __globalThis.__name = __name;\n}\n            webdriverioPolyfill()\n            return ((c, a, done) => {\r\n      window.__TAURI_INTERNALS__.invoke(c, a)\r\n        .then((r) => done({ ok: true, value: r }))\r\n        .catch((e) => done({ ok: false, error: String(e) }));\r\n    }).apply(null, arguments)\n        ","args":["cmd_get_window_position",{"label":"note-86dac50f-d896-42c4-826e-913773347c5d"}]}
[0-1] 2026-05-04T11:55:14.449Z INFO webdriver: RESULT { ok: true, value: [ 224, 184 ] }
[0-1] 2026-05-04T11:55:14.452Z INFO webdriver: COMMAND deleteSession()
[0-1] 2026-05-04T11:55:14.452Z INFO webdriver: [DELETE] http://127.0.0.1:4444/session/3079215ea2fcc410a47c93482168feb4
[0-1] 2026-05-04T11:55:14.488Z INFO webdriver: RESULT null
[0-1] PASSED in undefined - file:///D:/a/waypoint/waypoint/waypoint/e2e/specs/drag.spec.js
2026-05-04T11:55:14.638Z INFO @wdio/cli:launcher: Run onWorkerEnd hook
2026-05-04T11:55:14.638Z INFO @wdio/cli:launcher: Run onWorkerStart hook
2026-05-04T11:55:14.640Z INFO @wdio/local-runner: Start worker 0-2 with arg: run e2e/wdio.conf.js
2026-05-04T11:55:14.674Z INFO @wdio/xvfb:ProcessFactory: xvfb-run not found, falling back to regular fork
2026-05-04T11:55:14.674Z INFO @wdio/xvfb:ProcessFactory: ProcessFactory: shouldRun=false, isAvailable=false
2026-05-04T11:55:14.674Z INFO @wdio/xvfb:ProcessFactory: Creating worker process with regular fork
[0-2] 2026-05-04T11:55:16.137Z INFO @wdio/local-runner: Run worker command: run
[0-2] RUNNING in undefined - file:///D:/a/waypoint/waypoint/waypoint/e2e/specs/multi-window.spec.js
[0-2] 2026-05-04T11:55:16.561Z INFO webdriver: Initiate new session using the WebDriver protocol
[0-2] 2026-05-04T11:55:16.562Z INFO @wdio/utils: Connecting to existing driver at http://127.0.0.1:4444/
[0-2] 2026-05-04T11:55:16.574Z INFO webdriver: [POST] http://127.0.0.1:4444/session
[0-2] 2026-05-04T11:55:17.643Z INFO webdriver: COMMAND getWindowHandle()
[0-2] 2026-05-04T11:55:17.644Z INFO webdriver: [GET] http://127.0.0.1:4444/session/8e13ca7aaf1d91fd6ddaa5b639e7cd49/window
[0-2] 2026-05-04T11:55:17.649Z INFO webdriver: RESULT B7F301ACFD3453432F624782FF8DC2E2
[0-2] 2026-05-04T11:55:17.659Z INFO webdriver: COMMAND getPageSource()
[0-2] 2026-05-04T11:55:17.659Z INFO webdriver: [GET] http://127.0.0.1:4444/session/8e13ca7aaf1d91fd6ddaa5b639e7cd49/source
[0-2] 2026-05-04T11:55:17.762Z INFO webdriver: RESULT <html lang="en"><head>
[0-2]     <meta charset="utf-8">
[0-2]     <link rel="icon" href="http://tauri.localhost/favicon.png">
[0-2]     <meta name="viewport" content="width=device-width, initial-scale=1">
[0-2]     <title>Waypoint</title>
[0-2]     <link href="/_app/immutable/entry/start.CkYLcQaC.js" rel="modulepreload">
[0-2] 		<link href="/_app/immutable/chunks/xMTTk29t.js" rel="modulepreload">
[0-2] 		<link href="/_app/immutable/chunks/BrvQaNFF.js" rel="modulepreload">
[0-2] 		<link href="/_app/immutable/chunks/DwxfgNgC.js" rel="modulepreload">
[0-2] 		<link href="/_app/immutable/entry/app.BpDh7PSE.js" rel="modulepreload">
[0-2] 		<link href="/_app/immutable/chunks/CXr6ktTA.js" rel="modulepreload">
[0-2] 		<link href="/_app/immutable/chunks/D9elXV-C.js" rel="modulepreload">
[0-2] 		<link href="/_app/immutable/chunks/DnwWQDu8.js" rel="modulepreload">
[0-2] 		
[0-2]   <link rel="modulepreload" as="script" crossorigin="" href="http://tauri.localhost/_app/immutable/nodes/0.D7mbmQ2z.js"><link rel="modulepreload" as="script" crossorigin="" href="http://tauri.localhost/_app/immutable/chunks/C9OVhmEN.js"><link rel="stylesheet" crossorigin="" href="http://tauri.localhost/_app/immutable/assets/0.CkmnEqie.css"><link rel="modulepreload" as="script" crossorigin="" href="http://tauri.localhost/_app/immutable/nodes/1.BgVLJEVI.js"><link rel="modulepreload" as="script" crossorigin="" href="http://tauri.localhost/_app/immutable/nodes/2.hMicA2SK.js"><link rel="stylesheet" crossorigin="" href="http://tauri.localhost/_app/immutable/assets/2.D-ylHd_F.css"></head>
[0-2]   <!-- background 直接寫在 body，確保 JS 載入前不顯示白屏 -->
[0-2]   <body data-sveltekit-preload-data="hover" style="background:#1e1e1e;color:#cccccc">
[0-2]     <div style="display: contents">
[0-2] 			<script>
[0-2] 				{
[0-2] 					__sveltekit_1wk6xy5 = {
[0-2] 						base: ""
[0-2] 					};
[0-2] 
[0-2] 					const element = document.currentScript.parentElement;
[0-2] 
[0-2] 					Promise.all([
[0-2] 						import("/_app/immutable/entry/start.CkYLcQaC.js"),
[0-2] 						import("/_app/immutable/entry/app.BpDh7PSE.js")
[0-2] 					]).then(([kit, app]) => {
[0-2] 						kit.start(app, element);
[0-2] 					});
[0-2] 				}
[0-2] 			</script>
[0-2] 		<!----><!----><!----><!----><!----><div class="list-window svelte-701jsl"><div class="draggable-titlebar titlebar svelte-5wg0lt" data-tauri-drag-region=""><div class="titlebar-left svelte-701jsl" data-tauri-drag-region=""><span class="app-name svelte-701jsl" data-tauri-drag-region="">WAYPOINT</span> <button class="icon-btn svelte-701jsl" title="使用說明">?</button></div> <div class="titlebar-right svelte-701jsl"><button class="icon-btn svelte-701jsl" title="設定">⚙</button> <button class="icon-btn svelte-701jsl" title="收起全部">⇊</button> <button class="icon-btn svelte-701jsl" title="最小化列表">—</button> <button class="icon-btn svelte-701jsl" title="結束 Waypoint">✕</button></div><!----></div><!----> <div class="list-body svelte-701jsl"><div class="section svelte-1hchbgo"><div class="section-header svelte-1hchbgo"><span class="section-label">🌐 全域筆記</span> <button class="add-btn svelte-1hchbgo" title="新增全域筆記">+</button></div> <!----><div role="button" tabindex="0" class="note-item svelte-1mz4n7r" draggable="true" data-note-id="86dac50f-d896-42c4-826e-913773347c5d" title="Untitled"><span class="icon svelte-1mz4n7r">📄</span> <span class="title svelte-1mz4n7r">Untitled</span></div><!----> <!----> <!----><!----><div role="button" tabindex="0" class="note-item svelte-1mz4n7r" draggable="true" data-note-id="c7752d54-07de-4603-9448-84476eca5adf" title="Untitled"><span class="icon svelte-1mz4n7r">📄</span> <span class="title svelte-1mz4n7r">Untitled</span></div><!----> <!----> <!----><!----></div><!----> <div class="divider"></div> <!----></div></div><!----> <div id="svelte-announcer" aria-live="assertive" aria-atomic="true" style="position: absolute; left: 0; top: 0; clip: rect(0 0 0 0); clip-path: inset(50%); overflow: hidden; white-space: nowrap; width: 1px; height: 1px"><!----></div><!----></div>
[0-2]   
[0-2] 
[0-2] </body></html>
[0-2] 2026-05-04T11:55:17.764Z INFO webdriver: COMMAND executeScript(<fn>, <object>)
[0-2] 2026-05-04T11:55:17.765Z INFO webdriver: [POST] http://127.0.0.1:4444/session/8e13ca7aaf1d91fd6ddaa5b639e7cd49/execute/sync
[0-2] 2026-05-04T11:55:17.765Z INFO webdriver: DATA {"script":"\n            function webdriverioPolyfill() {\n  var __defProp = Object.defineProperty;\n  var __name = function(target, _value) {\n    return __defProp(target, \"name\", { value: _value, configurable: true });\n  };\n  var __globalThis = typeof globalThis === \"object\" && globalThis || typeof window === \"object\" && window;\n  __globalThis.__name = __name;\n}\n            webdriverioPolyfill();\n            return (() => typeof window.__TAURI_INTERNALS__?.invoke === \"function\").apply(null, arguments)\n        ","args":[]}
[0-2] 2026-05-04T11:55:17.774Z INFO webdriver: RESULT true
[0-2] 2026-05-04T11:55:17.777Z INFO webdriver: COMMAND getWindowHandles()
[0-2] 2026-05-04T11:55:17.778Z INFO webdriver: [GET] http://127.0.0.1:4444/session/8e13ca7aaf1d91fd6ddaa5b639e7cd49/window/handles
[0-2] 2026-05-04T11:55:17.780Z INFO webdriver: RESULT [ 'B7F301ACFD3453432F624782FF8DC2E2' ]
[0-2] 2026-05-04T11:55:17.782Z INFO webdriver: COMMAND switchToWindow("B7F301ACFD3453432F624782FF8DC2E2")
[0-2] 2026-05-04T11:55:17.782Z INFO webdriver: [POST] http://127.0.0.1:4444/session/8e13ca7aaf1d91fd6ddaa5b639e7cd49/window
[0-2] 2026-05-04T11:55:17.782Z INFO webdriver: DATA {"handle":"B7F301ACFD3453432F624782FF8DC2E2"}
[0-2] 2026-05-04T11:55:17.785Z INFO webdriver: RESULT null
[0-2] 2026-05-04T11:55:17.785Z INFO webdriver: COMMAND getWindowHandles()
[0-2] 2026-05-04T11:55:17.785Z INFO webdriver: [GET] http://127.0.0.1:4444/session/8e13ca7aaf1d91fd6ddaa5b639e7cd49/window/handles
[0-2] 2026-05-04T11:55:17.787Z INFO webdriver: RESULT [ 'B7F301ACFD3453432F624782FF8DC2E2' ]
[0-2] 2026-05-04T11:55:17.788Z INFO webdriver: COMMAND executeAsyncScript(<fn>, <object>)
[0-2] 2026-05-04T11:55:17.788Z INFO webdriver: [POST] http://127.0.0.1:4444/session/8e13ca7aaf1d91fd6ddaa5b639e7cd49/execute/async
[0-2] 2026-05-04T11:55:17.789Z INFO webdriver: DATA {"script":"\n            function webdriverioPolyfill() {\n  var __defProp = Object.defineProperty;\n  var __name = function(target, _value) {\n    return __defProp(target, \"name\", { value: _value, configurable: true });\n  };\n  var __globalThis = typeof globalThis === \"object\" && globalThis || typeof window === \"object\" && window;\n  __globalThis.__name = __name;\n}\n            webdriverioPolyfill()\n            return ((c, a, done) => {\r\n      window.__TAURI_INTERNALS__\r\n        .invoke(c, a)\r\n        .then((r) => done({ ok: true, value: r }))\r\n        .catch((e) => done({ ok: false, error: String(e) }));\r\n    }).apply(null, arguments)\n        ","args":["cmd_open_help",{}]}
[0-2] 2026-05-04T11:55:17.920Z INFO webdriver: RESULT { ok: true, value: null }
[0-2] 2026-05-04T11:55:17.922Z INFO webdriver: COMMAND getWindowHandles()
[0-2] 2026-05-04T11:55:17.924Z INFO webdriver: [GET] http://127.0.0.1:4444/session/8e13ca7aaf1d91fd6ddaa5b639e7cd49/window/handles
[0-2] 2026-05-04T11:55:17.951Z INFO webdriver: RESULT [
[0-2]   'B7F301ACFD3453432F624782FF8DC2E2',
[0-2]   '33CB10DF6762E1E83BA7A2F37317C983'
[0-2] ]
[0-2] 2026-05-04T11:55:17.953Z INFO webdriver: COMMAND getWindowHandles()
[0-2] 2026-05-04T11:55:17.954Z INFO webdriver: [GET] http://127.0.0.1:4444/session/8e13ca7aaf1d91fd6ddaa5b639e7cd49/window/handles
[0-2] 2026-05-04T11:55:17.962Z INFO webdriver: RESULT [
[0-2]   'B7F301ACFD3453432F624782FF8DC2E2',
[0-2]   '33CB10DF6762E1E83BA7A2F37317C983'
[0-2] ]
[0-2] 2026-05-04T11:55:17.963Z INFO webdriver: COMMAND switchToWindow("33CB10DF6762E1E83BA7A2F37317C983")
[0-2] 2026-05-04T11:55:17.963Z INFO webdriver: [POST] http://127.0.0.1:4444/session/8e13ca7aaf1d91fd6ddaa5b639e7cd49/window
[0-2] 2026-05-04T11:55:17.963Z INFO webdriver: DATA {"handle":"33CB10DF6762E1E83BA7A2F37317C983"}
[0-2] 2026-05-04T11:55:17.966Z INFO webdriver: RESULT null
[0-2] 2026-05-04T11:55:17.967Z INFO webdriver: COMMAND executeScript(<fn>, <object>)
[0-2] 2026-05-04T11:55:17.968Z INFO webdriver: [POST] http://127.0.0.1:4444/session/8e13ca7aaf1d91fd6ddaa5b639e7cd49/execute/sync
[0-2] 2026-05-04T11:55:17.969Z INFO webdriver: DATA {"script":"\n            function webdriverioPolyfill() {\n  var __defProp = Object.defineProperty;\n  var __name = function(target, _value) {\n    return __defProp(target, \"name\", { value: _value, configurable: true });\n  };\n  var __globalThis = typeof globalThis === \"object\" && globalThis || typeof window === \"object\" && window;\n  __globalThis.__name = __name;\n}\n            webdriverioPolyfill();\n            return (() => document.body.innerText.trim()).apply(null, arguments)\n        ","args":[]}
[0-2] 2026-05-04T11:55:17.979Z INFO webdriver: RESULT 
[0-2] 2026-05-04T11:55:18.067Z INFO webdriver: COMMAND executeScript(<fn>, <object>)
[0-2] 2026-05-04T11:55:18.068Z INFO webdriver: [POST] http://127.0.0.1:4444/session/8e13ca7aaf1d91fd6ddaa5b639e7cd49/execute/sync
[0-2] 2026-05-04T11:55:18.068Z INFO webdriver: DATA {"script":"\n            function webdriverioPolyfill() {\n  var __defProp = Object.defineProperty;\n  var __name = function(target, _value) {\n    return __defProp(target, \"name\", { value: _value, configurable: true });\n  };\n  var __globalThis = typeof globalThis === \"object\" && globalThis || typeof window === \"object\" && window;\n  __globalThis.__name = __name;\n}\n            webdriverioPolyfill();\n            return (() => document.body.innerText.trim()).apply(null, arguments)\n        ","args":[]}
[0-2] 2026-05-04T11:55:20.502Z INFO webdriver: RESULT Waypoint — 使用說明 v0.1.21
[0-2] ✕
[0-2] 快捷鍵
[0-2] 快捷鍵	功能	預設
[0-2] 呼叫列表	列表沒開時 → 開列表（並還原上次的筆記）；列表開著時 → 儲存 session 並收起全部	Ctrl+Shift+Space
[0-2] 切換穿透	所有筆記同時切換滑鼠穿透：開啟 → 點得到、關掉 → 滑鼠/鍵盤穿過筆記到底層應用程式（適合邊看筆記邊操作其他軟體）	Ctrl+Shift+Q
[0-2] 
[0-2] 兩個快捷鍵都可在列表視窗的設定（⚙）中重設。
[0-2] 
[0-2] 全域筆記 vs 區域筆記
[0-2] 全域筆記：無論在哪個應用程式按快捷鍵都會出現在列表中
[0-2] 區域筆記：只屬於特定應用程式（依 process 名稱或視窗標題識別）
[0-2] ✕ vs ⇊ 的差異
[0-2] ✕（關閉按鈕）：永久關閉此筆記，下次不會自動還原
[0-2] ⇊（收起按鈕）：收起所有視窗，但記住哪些筆記是開著的，下次自動還原
[0-2] 視窗透明度
[0-2] 
[0-2] 每個筆記 titlebar 內有獨立的透明度滑桿（10–100%），可讓視窗整體半透明，方便邊看筆記邊操作下方應用程式。設定值會儲存到該筆記的 settings，下次開啟自動套用。
[0-2] 
[0-2] 如何設定 Context 識別方式
[0-2] 
[0-2] 在列表視窗中，對 context 標題按右鍵，可選擇：程序名稱 或 視窗標題
[0-2] 
[0-2] 跨平台 Context 對應
[0-2] 
[0-2] 右鍵選單 →「對應到現有 context...」可將不同 OS 上的同一軟體合併。
[0-2] 
[0-2] 筆記內容語法
[0-2] 
[0-2] 筆記支援 Markdown 語法，包括：
[0-2] 
[0-2] # / ## / ### — 標題
[0-2] **bold** — 粗體、*italic* — 斜體、`code` — 程式碼
[0-2] - item — 列表、- [ ] item — 待辦清單
[0-2] [link](url) — 超連結、![alt](url) — 圖片
[0-2] ``` — 程式碼區塊、|col|col| — 表格
[0-2] 資料夾位置
[0-2] 
[0-2] 所有筆記和設定存放在：~/waypoint/（Windows: C:\Users\<user>\waypoint\）
[0-2] 
[0-2] 複製此資料夾到其他電腦即可使用相同筆記與設定。
[0-2] 2026-05-04T11:55:20.503Z INFO webdriver: COMMAND getPageSource()
[0-2] 2026-05-04T11:55:20.503Z INFO webdriver: [GET] http://127.0.0.1:4444/session/8e13ca7aaf1d91fd6ddaa5b639e7cd49/source
[0-2] 2026-05-04T11:55:20.507Z INFO webdriver: RESULT <html lang="en"><head>
[0-2]     <meta charset="utf-8">
[0-2]     <link rel="icon" href="http://tauri.localhost/favicon.png">
[0-2]     <meta name="viewport" content="width=device-width, initial-scale=1">
[0-2]     <title>Waypoint</title>
[0-2]     <link href="/_app/immutable/entry/start.CkYLcQaC.js" rel="modulepreload">
[0-2] 		<link href="/_app/immutable/chunks/xMTTk29t.js" rel="modulepreload">
[0-2] 		<link href="/_app/immutable/chunks/BrvQaNFF.js" rel="modulepreload">
[0-2] 		<link href="/_app/immutable/chunks/DwxfgNgC.js" rel="modulepreload">
[0-2] 		<link href="/_app/immutable/entry/app.BpDh7PSE.js" rel="modulepreload">
[0-2] 		<link href="/_app/immutable/chunks/CXr6ktTA.js" rel="modulepreload">
[0-2] 		<link href="/_app/immutable/chunks/D9elXV-C.js" rel="modulepreload">
[0-2] 		<link href="/_app/immutable/chunks/DnwWQDu8.js" rel="modulepreload">
[0-2] 		
[0-2]   <link rel="modulepreload" as="script" crossorigin="" href="http://tauri.localhost/_app/immutable/nodes/0.D7mbmQ2z.js"><link rel="modulepreload" as="script" crossorigin="" href="http://tauri.localhost/_app/immutable/chunks/C9OVhmEN.js"><link rel="stylesheet" crossorigin="" href="http://tauri.localhost/_app/immutable/assets/0.CkmnEqie.css"><link rel="modulepreload" as="script" crossorigin="" href="http://tauri.localhost/_app/immutable/nodes/1.BgVLJEVI.js"><link rel="modulepreload" as="script" crossorigin="" href="http://tauri.localhost/_app/immutable/nodes/2.hMicA2SK.js"><link rel="stylesheet" crossorigin="" href="http://tauri.localhost/_app/immutable/assets/2.D-ylHd_F.css"></head>
[0-2]   <!-- background 直接寫在 body，確保 JS 載入前不顯示白屏 -->
[0-2]   <body data-sveltekit-preload-data="hover" style="background:#1e1e1e;color:#cccccc">
[0-2]     <div style="display: contents">
[0-2] 			<script>
[0-2] 				{
[0-2] 					__sveltekit_1wk6xy5 = {
[0-2] 						base: ""
[0-2] 					};
[0-2] 
[0-2] 					const element = document.currentScript.parentElement;
[0-2] 
[0-2] 					Promise.all([
[0-2] 						import("/_app/immutable/entry/start.CkYLcQaC.js"),
[0-2] 						import("/_app/immutable/entry/app.BpDh7PSE.js")
[0-2] 					]).then(([kit, app]) => {
[0-2] 						kit.start(app, element);
[0-2] 					});
[0-2] 				}
[0-2] 			</script>
[0-2] 		<!----><!----><!----><!----><!----><div class="help-window svelte-1g2hxni"><div class="draggable-titlebar titlebar svelte-5wg0lt" data-tauri-drag-region=""><span class="title svelte-1g2hxni">Waypoint — 使用說明 <span class="version svelte-1g2hxni">v0.1.21</span></span> <button>✕</button><!----></div><!----> <div class="content svelte-1g2hxni"><section class="svelte-1g2hxni"><h2 class="svelte-1g2hxni">快捷鍵</h2> <table class="svelte-1g2hxni"><thead><tr><th class="svelte-1g2hxni">快捷鍵</th><th class="svelte-1g2hxni">功能</th><th class="svelte-1g2hxni">預設</th></tr></thead><tbody><tr><td class="svelte-1g2hxni"><strong>呼叫列表</strong></td><td class="svelte-1g2hxni">列表沒開時 → 開列表（並還原上次的筆記）；列表開著時 → 儲存 session 並收起全部</td><td class="svelte-1g2hxni"><code class="svelte-1g2hxni">Ctrl+Shift+Space</code></td></tr><tr><td class="svelte-1g2hxni"><strong>切換穿透</strong></td><td class="svelte-1g2hxni">所有筆記同時切換滑鼠穿透：開啟 → 點得到、關掉 → 滑鼠/鍵盤穿過筆記到底層應用程式（適合邊看筆記邊操作其他軟體）</td><td class="svelte-1g2hxni"><code class="svelte-1g2hxni">Ctrl+Shift+Q</code></td></tr></tbody></table> <p class="hint svelte-1g2hxni">兩個快捷鍵都可在列表視窗的設定（⚙）中重設。</p></section> <section class="svelte-1g2hxni"><h2 class="svelte-1g2hxni">全域筆記 vs 區域筆記</h2> <ul class="svelte-1g2hxni"><li class="svelte-1g2hxni"><strong>全域筆記：</strong>無論在哪個應用程式按快捷鍵都會出現在列表中</li> <li class="svelte-1g2hxni"><strong>區域筆記：</strong>只屬於特定應用程式（依 process 名稱或視窗標題識別）</li></ul></section> <section class="svelte-1g2hxni"><h2 class="svelte-1g2hxni">✕ vs ⇊ 的差異</h2> <ul class="svelte-1g2hxni"><li class="svelte-1g2hxni"><strong>✕（關閉按鈕）：</strong>永久關閉此筆記，下次不會自動還原</li> <li class="svelte-1g2hxni"><strong>⇊（收起按鈕）：</strong>收起所有視窗，但記住哪些筆記是開著的，下次自動還原</li></ul></section> <section class="svelte-1g2hxni"><h2 class="svelte-1g2hxni">視窗透明度</h2> <p class="svelte-1g2hxni">每個筆記 titlebar 內有獨立的透明度滑桿（10–100%），可讓視窗整體半透明，方便邊看筆記邊操作下方應用程式。設定值會儲存到該筆記的 settings，下次開啟自動套用。</p></section> <section class="svelte-1g2hxni"><h2 class="svelte-1g2hxni">如何設定 Context 識別方式</h2> <p class="svelte-1g2hxni">在列表視窗中，對 context 標題按右鍵，可選擇：程序名稱 或 視窗標題</p></section> <section class="svelte-1g2hxni"><h2 class="svelte-1g2hxni">跨平台 Context 對應</h2> <p class="svelte-1g2hxni">右鍵選單 →「對應到現有 context...」可將不同 OS 上的同一軟體合併。</p></section> <section class="svelte-1g2hxni"><h2 class="svelte-1g2hxni">筆記內容語法</h2> <p class="svelte-1g2hxni">筆記支援 Markdown 語法，包括：</p> <ul class="svelte-1g2hxni"><li class="svelte-1g2hxni"><code class="svelte-1g2hxni">#</code> / <code class="svelte-1g2hxni">##</code> / <code class="svelte-1g2hxni">###</code> — 標題</li> <li class="svelte-1g2hxni"><code class="svelte-1g2hxni">**bold**</code> — 粗體、<code class="svelte-1g2hxni">*italic*</code> — 斜體、<code class="svelte-1g2hxni">`code`</code> — 程式碼</li> <li class="svelte-1g2hxni"><code class="svelte-1g2hxni">- item</code> — 列表、<code class="svelte-1g2hxni">- [ ] item</code> — 待辦清單</li> <li class="svelte-1g2hxni"><code class="svelte-1g2hxni">[link](url)</code> — 超連結、<code class="svelte-1g2hxni">![alt](url)</code> — 圖片</li> <li class="svelte-1g2hxni"><code class="svelte-1g2hxni">```</code> — 程式碼區塊、<code class="svelte-1g2hxni">|col|col|</code> — 表格</li></ul></section> <section class="svelte-1g2hxni"><h2 class="svelte-1g2hxni">資料夾位置</h2> <p class="svelte-1g2hxni">所有筆記和設定存放在：<code class="svelte-1g2hxni">~/waypoint/</code>（Windows: <code class="svelte-1g2hxni">C:\Users\&lt;user&gt;\waypoint\</code>）</p> <p class="svelte-1g2hxni">複製此資料夾到其他電腦即可使用相同筆記與設定。</p></section></div></div><!----> <div id="svelte-announcer" aria-live="assertive" aria-atomic="true" style="position: absolute; left: 0; top: 0; clip: rect(0 0 0 0); clip-path: inset(50%); overflow: hidden; white-space: nowrap; width: 1px; height: 1px"><!----></div><!----></div>
[0-2]   
[0-2] 
[0-2] </body></html>
[0-2] 2026-05-04T11:55:20.509Z INFO webdriver: COMMAND getWindowHandles()
[0-2] 2026-05-04T11:55:20.510Z INFO webdriver: [GET] http://127.0.0.1:4444/session/8e13ca7aaf1d91fd6ddaa5b639e7cd49/window/handles
[0-2] 2026-05-04T11:55:20.512Z INFO webdriver: RESULT [
[0-2]   'B7F301ACFD3453432F624782FF8DC2E2',
[0-2]   '33CB10DF6762E1E83BA7A2F37317C983'
[0-2] ]
[0-2] 2026-05-04T11:55:20.512Z INFO webdriver: COMMAND switchToWindow("B7F301ACFD3453432F624782FF8DC2E2")
[0-2] 2026-05-04T11:55:20.513Z INFO webdriver: [POST] http://127.0.0.1:4444/session/8e13ca7aaf1d91fd6ddaa5b639e7cd49/window
[0-2] 2026-05-04T11:55:20.513Z INFO webdriver: DATA {"handle":"B7F301ACFD3453432F624782FF8DC2E2"}
[0-2] 2026-05-04T11:55:20.516Z INFO webdriver: RESULT null
[0-2] 2026-05-04T11:55:20.516Z INFO webdriver: COMMAND getWindowHandles()
[0-2] 2026-05-04T11:55:20.517Z INFO webdriver: [GET] http://127.0.0.1:4444/session/8e13ca7aaf1d91fd6ddaa5b639e7cd49/window/handles
[0-2] 2026-05-04T11:55:20.519Z INFO webdriver: RESULT [
[0-2]   'B7F301ACFD3453432F624782FF8DC2E2',
[0-2]   '33CB10DF6762E1E83BA7A2F37317C983'
[0-2] ]
[0-2] 2026-05-04T11:55:20.519Z INFO webdriver: COMMAND executeAsyncScript(<fn>, <object>)
[0-2] 2026-05-04T11:55:20.519Z INFO webdriver: [POST] http://127.0.0.1:4444/session/8e13ca7aaf1d91fd6ddaa5b639e7cd49/execute/async
[0-2] 2026-05-04T11:55:20.519Z INFO webdriver: DATA {"script":"\n            function webdriverioPolyfill() {\n  var __defProp = Object.defineProperty;\n  var __name = function(target, _value) {\n    return __defProp(target, \"name\", { value: _value, configurable: true });\n  };\n  var __globalThis = typeof globalThis === \"object\" && globalThis || typeof window === \"object\" && window;\n  __globalThis.__name = __name;\n}\n            webdriverioPolyfill()\n            return ((c, a, done) => {\r\n      window.__TAURI_INTERNALS__\r\n        .invoke(c, a)\r\n        .then((r) => done({ ok: true, value: r }))\r\n        .catch((e) => done({ ok: false, error: String(e) }));\r\n    }).apply(null, arguments)\n        ","args":["cmd_open_settings",{}]}
[0-2] 2026-05-04T11:55:20.657Z INFO webdriver: RESULT { ok: true, value: null }
[0-2] 2026-05-04T11:55:20.658Z INFO webdriver: COMMAND getWindowHandles()
[0-2] 2026-05-04T11:55:20.658Z INFO webdriver: [GET] http://127.0.0.1:4444/session/8e13ca7aaf1d91fd6ddaa5b639e7cd49/window/handles
[0-2] 2026-05-04T11:55:20.676Z INFO webdriver: RESULT [
[0-2]   'B7F301ACFD3453432F624782FF8DC2E2',
[0-2]   '33CB10DF6762E1E83BA7A2F37317C983',
[0-2]   'FBFE5D09BB75CD00E3AA6C3F915E1DD9'
[0-2] ]
[0-2] 2026-05-04T11:55:20.677Z INFO webdriver: COMMAND getWindowHandles()
[0-2] 2026-05-04T11:55:20.677Z INFO webdriver: [GET] http://127.0.0.1:4444/session/8e13ca7aaf1d91fd6ddaa5b639e7cd49/window/handles
[0-2] 2026-05-04T11:55:20.679Z INFO webdriver: RESULT [
[0-2]   'B7F301ACFD3453432F624782FF8DC2E2',
[0-2]   '33CB10DF6762E1E83BA7A2F37317C983',
[0-2]   'FBFE5D09BB75CD00E3AA6C3F915E1DD9'
[0-2] ]
[0-2] 2026-05-04T11:55:20.679Z INFO webdriver: COMMAND switchToWindow("FBFE5D09BB75CD00E3AA6C3F915E1DD9")
[0-2] 2026-05-04T11:55:20.679Z INFO webdriver: [POST] http://127.0.0.1:4444/session/8e13ca7aaf1d91fd6ddaa5b639e7cd49/window
[0-2] 2026-05-04T11:55:20.680Z INFO webdriver: DATA {"handle":"FBFE5D09BB75CD00E3AA6C3F915E1DD9"}
[0-2] 2026-05-04T11:55:20.691Z INFO webdriver: RESULT null
[0-2] 2026-05-04T11:55:20.692Z INFO webdriver: COMMAND executeScript(<fn>, <object>)
[0-2] 2026-05-04T11:55:20.692Z INFO webdriver: [POST] http://127.0.0.1:4444/session/8e13ca7aaf1d91fd6ddaa5b639e7cd49/execute/sync
[0-2] 2026-05-04T11:55:20.692Z INFO webdriver: DATA {"script":"\n            function webdriverioPolyfill() {\n  var __defProp = Object.defineProperty;\n  var __name = function(target, _value) {\n    return __defProp(target, \"name\", { value: _value, configurable: true });\n  };\n  var __globalThis = typeof globalThis === \"object\" && globalThis || typeof window === \"object\" && window;\n  __globalThis.__name = __name;\n}\n            webdriverioPolyfill();\n            return (() => document.body.innerText.trim()).apply(null, arguments)\n        ","args":[]}
[0-2] 2026-05-04T11:55:20.717Z INFO webdriver: RESULT 
[0-2] 2026-05-04T11:55:20.792Z INFO webdriver: COMMAND executeScript(<fn>, <object>)
[0-2] 2026-05-04T11:55:20.792Z INFO webdriver: [POST] http://127.0.0.1:4444/session/8e13ca7aaf1d91fd6ddaa5b639e7cd49/execute/sync
[0-2] 2026-05-04T11:55:20.792Z INFO webdriver: DATA {"script":"\n            function webdriverioPolyfill() {\n  var __defProp = Object.defineProperty;\n  var __name = function(target, _value) {\n    return __defProp(target, \"name\", { value: _value, configurable: true });\n  };\n  var __globalThis = typeof globalThis === \"object\" && globalThis || typeof window === \"object\" && window;\n  __globalThis.__name = __name;\n}\n            webdriverioPolyfill();\n            return (() => document.body.innerText.trim()).apply(null, arguments)\n        ","args":[]}
[0-2] 2026-05-04T11:55:20.995Z INFO webdriver: RESULT Waypoint — 設定
[0-2] ✕
[0-2] 全域快捷鍵
[0-2] 
[0-2] 按下快捷鍵開啟／收起 Waypoint 列表
[0-2] 
[0-2] Ctrl+Shift+Space
[0-2] 套用
[0-2] 
[0-2] 點擊左側框後按下鍵盤組合鍵（Esc 取消）；範例：Ctrl+Shift+Space、Alt+F1
[0-2] 
[0-2] 穿透模式快捷鍵
[0-2] 
[0-2] 按下後切換所有筆記穿透狀態
[0-2] 
[0-2] Ctrl+Shift+Q
[0-2] 套用
[0-2] 
[0-2] 點擊左側框後按下鍵盤組合鍵（Esc 取消）；預設：Ctrl+Shift+Q
[0-2] 
[0-2] 工作列圖示
[0-2] 
[0-2] 有筆記視窗開啟時在工作列顯示圖示
[0-2] 
[0-2] 已啟用
[0-2] 穿透模式文字透明度
[0-2] 
[0-2] 穿透模式時筆記文字是否也跟著透明
[0-2] 
[0-2] 文字也透明
[0-2] 2026-05-04T11:55:20.995Z INFO webdriver: COMMAND getPageSource()
[0-2] 2026-05-04T11:55:20.995Z INFO webdriver: [GET] http://127.0.0.1:4444/session/8e13ca7aaf1d91fd6ddaa5b639e7cd49/source
[0-2] 2026-05-04T11:55:20.999Z INFO webdriver: RESULT <html lang="en"><head>
[0-2]     <meta charset="utf-8">
[0-2]     <link rel="icon" href="http://tauri.localhost/favicon.png">
[0-2]     <meta name="viewport" content="width=device-width, initial-scale=1">
[0-2]     <title>Waypoint</title>
[0-2]     <link href="/_app/immutable/entry/start.CkYLcQaC.js" rel="modulepreload">
[0-2] 		<link href="/_app/immutable/chunks/xMTTk29t.js" rel="modulepreload">
[0-2] 		<link href="/_app/immutable/chunks/BrvQaNFF.js" rel="modulepreload">
[0-2] 		<link href="/_app/immutable/chunks/DwxfgNgC.js" rel="modulepreload">
[0-2] 		<link href="/_app/immutable/entry/app.BpDh7PSE.js" rel="modulepreload">
[0-2] 		<link href="/_app/immutable/chunks/CXr6ktTA.js" rel="modulepreload">
[0-2] 		<link href="/_app/immutable/chunks/D9elXV-C.js" rel="modulepreload">
[0-2] 		<link href="/_app/immutable/chunks/DnwWQDu8.js" rel="modulepreload">
[0-2] 		
[0-2]   <link rel="modulepreload" as="script" crossorigin="" href="http://tauri.localhost/_app/immutable/nodes/0.D7mbmQ2z.js"><link rel="modulepreload" as="script" crossorigin="" href="http://tauri.localhost/_app/immutable/chunks/C9OVhmEN.js"><link rel="stylesheet" crossorigin="" href="http://tauri.localhost/_app/immutable/assets/0.CkmnEqie.css"><link rel="modulepreload" as="script" crossorigin="" href="http://tauri.localhost/_app/immutable/nodes/1.BgVLJEVI.js"><link rel="modulepreload" as="script" crossorigin="" href="http://tauri.localhost/_app/immutable/nodes/2.hMicA2SK.js"><link rel="stylesheet" crossorigin="" href="http://tauri.localhost/_app/immutable/assets/2.D-ylHd_F.css"></head>
[0-2]   <!-- background 直接寫在 body，確保 JS 載入前不顯示白屏 -->
[0-2]   <body data-sveltekit-preload-data="hover" style="background:#1e1e1e;color:#cccccc">
[0-2]     <div style="display: contents">
[0-2] 			<script>
[0-2] 				{
[0-2] 					__sveltekit_1wk6xy5 = {
[0-2] 						base: ""
[0-2] 					};
[0-2] 
[0-2] 					const element = document.currentScript.parentElement;
[0-2] 
[0-2] 					Promise.all([
[0-2] 						import("/_app/immutable/entry/start.CkYLcQaC.js"),
[0-2] 						import("/_app/immutable/entry/app.BpDh7PSE.js")
[0-2] 					]).then(([kit, app]) => {
[0-2] 						kit.start(app, element);
[0-2] 					});
[0-2] 				}
[0-2] 			</script>
[0-2] 		<!----><!----><!----><!----><!----><div class="settings-window svelte-1r12bng"><div class="draggable-titlebar titlebar svelte-5wg0lt" data-tauri-drag-region=""><span class="title svelte-1r12bng">Waypoint — 設定</span> <button class="close-btn svelte-1r12bng">✕</button><!----></div><!----> <div class="content svelte-1r12bng"><section class="svelte-1r12bng"><h2 class="svelte-1r12bng">全域快捷鍵</h2> <p class="desc svelte-1r12bng">按下快捷鍵開啟／收起 Waypoint 列表</p> <div class="row svelte-1r12bng"><button type="button" title="點擊後按下要設定的快捷鍵" class="hotkey-capture svelte-1r12bng">Ctrl+Shift+Space</button> <button disabled="">套用</button></div> <p class="hint svelte-1r12bng">點擊左側框後按下鍵盤組合鍵（Esc 取消）；範例：Ctrl+Shift+Space、Alt+F1</p> <!----></section> <!----> <section class="svelte-1r12bng"><h2 class="svelte-1r12bng">穿透模式快捷鍵</h2> <p class="desc svelte-1r12bng">按下後切換所有筆記穿透狀態</p> <div class="row svelte-1r12bng"><button type="button" title="點擊後按下要設定的快捷鍵" class="hotkey-capture svelte-1r12bng">Ctrl+Shift+Q</button> <button disabled="">套用</button></div> <p class="hint svelte-1r12bng">點擊左側框後按下鍵盤組合鍵（Esc 取消）；預設：Ctrl+Shift+Q</p> <!----> <!----></section> <section class="svelte-1r12bng"><h2 class="svelte-1r12bng">工作列圖示</h2> <p class="desc svelte-1r12bng">有筆記視窗開啟時在工作列顯示圖示</p> <div class="row svelte-1r12bng"><label class="toggle svelte-1r12bng"><input type="checkbox" class="svelte-1r12bng"> <span class="toggle-label svelte-1r12bng">已啟用</span></label></div></section> <section class="svelte-1r12bng"><h2 class="svelte-1r12bng">穿透模式文字透明度</h2> <p class="desc svelte-1r12bng">穿透模式時筆記文字是否也跟著透明</p> <div class="row svelte-1r12bng"><label class="toggle svelte-1r12bng"><input type="checkbox" data-testid="transparent-includes-text" class="svelte-1r12bng"> <span class="toggle-label svelte-1r12bng">文字也透明</span></label></div></section> <!----></div></div><!----> <div id="svelte-announcer" aria-live="assertive" aria-atomic="true" style="position: absolute; left: 0; top: 0; clip: rect(0 0 0 0); clip-path: inset(50%); overflow: hidden; white-space: nowrap; width: 1px; height: 1px"><!----></div><!----></div>
[0-2]   
[0-2] 
[0-2] </body></html>
[0-2] 2026-05-04T11:55:21.001Z INFO webdriver: COMMAND getWindowHandles()
[0-2] 2026-05-04T11:55:21.001Z INFO webdriver: [GET] http://127.0.0.1:4444/session/8e13ca7aaf1d91fd6ddaa5b639e7cd49/window/handles
[0-2] 2026-05-04T11:55:21.003Z INFO webdriver: RESULT [
[0-2]   'B7F301ACFD3453432F624782FF8DC2E2',
[0-2]   '33CB10DF6762E1E83BA7A2F37317C983',
[0-2]   'FBFE5D09BB75CD00E3AA6C3F915E1DD9'
[0-2] ]
[0-2] 2026-05-04T11:55:21.004Z INFO webdriver: COMMAND switchToWindow("B7F301ACFD3453432F624782FF8DC2E2")
[0-2] 2026-05-04T11:55:21.004Z INFO webdriver: [POST] http://127.0.0.1:4444/session/8e13ca7aaf1d91fd6ddaa5b639e7cd49/window
[0-2] 2026-05-04T11:55:21.004Z INFO webdriver: DATA {"handle":"B7F301ACFD3453432F624782FF8DC2E2"}
[0-2] 2026-05-04T11:55:21.007Z INFO webdriver: RESULT null
[0-2] 2026-05-04T11:55:21.007Z INFO webdriver: COMMAND executeAsyncScript(<fn>, <object>)
[0-2] 2026-05-04T11:55:21.007Z INFO webdriver: [POST] http://127.0.0.1:4444/session/8e13ca7aaf1d91fd6ddaa5b639e7cd49/execute/async
[0-2] 2026-05-04T11:55:21.007Z INFO webdriver: DATA {"script":"\n            function webdriverioPolyfill() {\n  var __defProp = Object.defineProperty;\n  var __name = function(target, _value) {\n    return __defProp(target, \"name\", { value: _value, configurable: true });\n  };\n  var __globalThis = typeof globalThis === \"object\" && globalThis || typeof window === \"object\" && window;\n  __globalThis.__name = __name;\n}\n            webdriverioPolyfill()\n            return ((c, a, done) => {\r\n      window.__TAURI_INTERNALS__\r\n        .invoke(c, a)\r\n        .then((r) => done({ ok: true, value: r }))\r\n        .catch((e) => done({ ok: false, error: String(e) }));\r\n    }).apply(null, arguments)\n        ","args":["create_note",{"contextId":null,"title":"E2E 測試"}]}
[0-2] 2026-05-04T11:55:21.029Z INFO webdriver: RESULT {
[0-2]   ok: true,
[0-2]   value: {
[0-2]     content: '',
[0-2]     contextId: null,
[0-2]     id: '45310885-35e0-4080-a4b1-1331f2c37da1',
[0-2]     settings: {
[0-2]       fontSize: 14,
[0-2]       hotkey: null,
[0-2]       opacity: 1,
[0-2]       passthrough: false,
[0-2]       windowBounds: null
[0-2]     },
[0-2]     title: 'E2E 測試'
[0-2]   }
[0-2] }
[0-2] 2026-05-04T11:55:21.029Z INFO webdriver: COMMAND getWindowHandles()
[0-2] 2026-05-04T11:55:21.030Z INFO webdriver: [GET] http://127.0.0.1:4444/session/8e13ca7aaf1d91fd6ddaa5b639e7cd49/window/handles
[0-2] 2026-05-04T11:55:21.032Z INFO webdriver: RESULT [
[0-2]   'B7F301ACFD3453432F624782FF8DC2E2',
[0-2]   '33CB10DF6762E1E83BA7A2F37317C983',
[0-2]   'FBFE5D09BB75CD00E3AA6C3F915E1DD9'
[0-2] ]
[0-2] 2026-05-04T11:55:21.032Z INFO webdriver: COMMAND executeAsyncScript(<fn>, <object>)
[0-2] 2026-05-04T11:55:21.032Z INFO webdriver: [POST] http://127.0.0.1:4444/session/8e13ca7aaf1d91fd6ddaa5b639e7cd49/execute/async
[0-2] 2026-05-04T11:55:21.033Z INFO webdriver: DATA {"script":"\n            function webdriverioPolyfill() {\n  var __defProp = Object.defineProperty;\n  var __name = function(target, _value) {\n    return __defProp(target, \"name\", { value: _value, configurable: true });\n  };\n  var __globalThis = typeof globalThis === \"object\" && globalThis || typeof window === \"object\" && window;\n  __globalThis.__name = __name;\n}\n            webdriverioPolyfill()\n            return ((c, a, done) => {\r\n      window.__TAURI_INTERNALS__\r\n        .invoke(c, a)\r\n        .then((r) => done({ ok: true, value: r }))\r\n        .catch((e) => done({ ok: false, error: String(e) }));\r\n    }).apply(null, arguments)\n        ","args":["cmd_open_note_window",{"noteId":"45310885-35e0-4080-a4b1-1331f2c37da1","contextId":null}]}
[0-2] 2026-05-04T11:55:21.189Z INFO webdriver: RESULT { ok: true, value: null }
[0-2] 2026-05-04T11:55:21.190Z INFO webdriver: COMMAND getWindowHandles()
[0-2] 2026-05-04T11:55:21.190Z INFO webdriver: [GET] http://127.0.0.1:4444/session/8e13ca7aaf1d91fd6ddaa5b639e7cd49/window/handles
[0-2] 2026-05-04T11:55:21.210Z INFO webdriver: RESULT [
[0-2]   'B7F301ACFD3453432F624782FF8DC2E2',
[0-2]   '33CB10DF6762E1E83BA7A2F37317C983',
[0-2]   'FBFE5D09BB75CD00E3AA6C3F915E1DD9',
[0-2]   'A7F311F605E173E58B76C5B8A58A82D0'
[0-2] ]
[0-2] 2026-05-04T11:55:21.210Z INFO webdriver: COMMAND getWindowHandles()
[0-2] 2026-05-04T11:55:21.210Z INFO webdriver: [GET] http://127.0.0.1:4444/session/8e13ca7aaf1d91fd6ddaa5b639e7cd49/window/handles
[0-2] 2026-05-04T11:55:21.212Z INFO webdriver: RESULT [
[0-2]   'B7F301ACFD3453432F624782FF8DC2E2',
[0-2]   '33CB10DF6762E1E83BA7A2F37317C983',
[0-2]   'FBFE5D09BB75CD00E3AA6C3F915E1DD9',
[0-2]   'A7F311F605E173E58B76C5B8A58A82D0'
[0-2] ]
[0-2] 2026-05-04T11:55:21.212Z INFO webdriver: COMMAND switchToWindow("A7F311F605E173E58B76C5B8A58A82D0")
[0-2] 2026-05-04T11:55:21.212Z INFO webdriver: [POST] http://127.0.0.1:4444/session/8e13ca7aaf1d91fd6ddaa5b639e7cd49/window
[0-2] 2026-05-04T11:55:21.212Z INFO webdriver: DATA {"handle":"A7F311F605E173E58B76C5B8A58A82D0"}
[0-2] 2026-05-04T11:55:21.215Z INFO webdriver: RESULT null
[0-2] 2026-05-04T11:55:21.215Z INFO webdriver: COMMAND executeScript(<fn>, <object>)
[0-2] 2026-05-04T11:55:21.216Z INFO webdriver: [POST] http://127.0.0.1:4444/session/8e13ca7aaf1d91fd6ddaa5b639e7cd49/execute/sync
[0-2] 2026-05-04T11:55:21.216Z INFO webdriver: DATA {"script":"\n            function webdriverioPolyfill() {\n  var __defProp = Object.defineProperty;\n  var __name = function(target, _value) {\n    return __defProp(target, \"name\", { value: _value, configurable: true });\n  };\n  var __globalThis = typeof globalThis === \"object\" && globalThis || typeof window === \"object\" && window;\n  __globalThis.__name = __name;\n}\n            webdriverioPolyfill();\n            return (() => document.body.innerText.trim()).apply(null, arguments)\n        ","args":[]}
[0-2] 2026-05-04T11:55:21.224Z INFO webdriver: RESULT 
[0-2] 2026-05-04T11:55:21.316Z INFO webdriver: COMMAND executeScript(<fn>, <object>)
[0-2] 2026-05-04T11:55:21.317Z INFO webdriver: [POST] http://127.0.0.1:4444/session/8e13ca7aaf1d91fd6ddaa5b639e7cd49/execute/sync
[0-2] 2026-05-04T11:55:21.317Z INFO webdriver: DATA {"script":"\n            function webdriverioPolyfill() {\n  var __defProp = Object.defineProperty;\n  var __name = function(target, _value) {\n    return __defProp(target, \"name\", { value: _value, configurable: true });\n  };\n  var __globalThis = typeof globalThis === \"object\" && globalThis || typeof window === \"object\" && window;\n  __globalThis.__name = __name;\n}\n            webdriverioPolyfill();\n            return (() => document.body.innerText.trim()).apply(null, arguments)\n        ","args":[]}
[0-2] 2026-05-04T11:55:21.395Z INFO webdriver: RESULT Untitled-Global
[0-2] 透明度
[0-2] 100%
[0-2] ⇊
[0-2] ▢
[0-2] ✕
[0-2] B
[0-2] I
[0-2] U
[0-2] S
[0-2] H1
[0-2] H2
[0-2] H3
[0-2] ≡
[0-2] ☑
[0-2] </>
[0-2] ⚙
[0-2] 2026-05-04T11:55:21.396Z INFO webdriver: COMMAND getPageSource()
[0-2] 2026-05-04T11:55:21.396Z INFO webdriver: [GET] http://127.0.0.1:4444/session/8e13ca7aaf1d91fd6ddaa5b639e7cd49/source
[0-2] 2026-05-04T11:55:21.400Z INFO webdriver: RESULT <html lang="en"><head>
[0-2]     <meta charset="utf-8">
[0-2]     <link rel="icon" href="http://tauri.localhost/favicon.png">
[0-2]     <meta name="viewport" content="width=device-width, initial-scale=1">
[0-2]     <title>Waypoint</title>
[0-2]     <link href="/_app/immutable/entry/start.CkYLcQaC.js" rel="modulepreload">
[0-2] 		<link href="/_app/immutable/chunks/xMTTk29t.js" rel="modulepreload">
[0-2] 		<link href="/_app/immutable/chunks/BrvQaNFF.js" rel="modulepreload">
[0-2] 		<link href="/_app/immutable/chunks/DwxfgNgC.js" rel="modulepreload">
[0-2] 		<link href="/_app/immutable/entry/app.BpDh7PSE.js" rel="modulepreload">
[0-2] 		<link href="/_app/immutable/chunks/CXr6ktTA.js" rel="modulepreload">
[0-2] 		<link href="/_app/immutable/chunks/D9elXV-C.js" rel="modulepreload">
[0-2] 		<link href="/_app/immutable/chunks/DnwWQDu8.js" rel="modulepreload">
[0-2] 		
[0-2]   <link rel="modulepreload" as="script" crossorigin="" href="http://tauri.localhost/_app/immutable/nodes/0.D7mbmQ2z.js"><link rel="modulepreload" as="script" crossorigin="" href="http://tauri.localhost/_app/immutable/chunks/C9OVhmEN.js"><link rel="stylesheet" crossorigin="" href="http://tauri.localhost/_app/immutable/assets/0.CkmnEqie.css"><link rel="modulepreload" as="script" crossorigin="" href="http://tauri.localhost/_app/immutable/nodes/1.BgVLJEVI.js"><link rel="modulepreload" as="script" crossorigin="" href="http://tauri.localhost/_app/immutable/nodes/2.hMicA2SK.js"><link rel="stylesheet" crossorigin="" href="http://tauri.localhost/_app/immutable/assets/2.D-ylHd_F.css"><style data-tiptap-style="">.ProseMirror {
[0-2]   position: relative;
[0-2] }
[0-2] 
[0-2] .ProseMirror {
[0-2]   word-wrap: break-word;
[0-2]   white-space: pre-wrap;
[0-2]   white-space: break-spaces;
[0-2]   -webkit-font-variant-ligatures: none;
[0-2]   font-variant-ligatures: none;
[0-2]   font-feature-settings: "liga" 0; /* the above doesn't seem to work in Edge */
[0-2] }
[0-2] 
[0-2] .ProseMirror [contenteditable="false"] {
[0-2]   white-space: normal;
[0-2] }
[0-2] 
[0-2] .ProseMirror [contenteditable="false"] [contenteditable="true"] {
[0-2]   white-space: pre-wrap;
[0-2] }
[0-2] 
[0-2] .ProseMirror pre {
[0-2]   white-space: pre-wrap;
[0-2] }
[0-2] 
[0-2] img.ProseMirror-separator {
[0-2]   display: inline !important;
[0-2]   border: none !important;
[0-2]   margin: 0 !important;
[0-2]   width: 0 !important;
[0-2]   height: 0 !important;
[0-2] }
[0-2] 
[0-2] .ProseMirror-gapcursor {
[0-2]   display: none;
[0-2]   pointer-events: none;
[0-2]   position: absolute;
[0-2]   margin: 0;
[0-2] }
[0-2] 
[0-2] .ProseMirror-gapcursor:after {
[0-2]   content: "";
[0-2]   display: block;
[0-2]   position: absolute;
[0-2]   top: -2px;
[0-2]   width: 20px;
[0-2]   border-top: 1px solid black;
[0-2]   animation: ProseMirror-cursor-blink 1.1s steps(2, start) infinite;
[0-2] }
[0-2] 
[0-2] @keyframes ProseMirror-cursor-blink {
[0-2]   to {
[0-2]     visibility: hidden;
[0-2]   }
[0-2] }
[0-2] 
[0-2] .ProseMirror-hideselection *::selection {
[0-2]   background: transparent;
[0-2] }
[0-2] 
[0-2] .ProseMirror-hideselection *::-moz-selection {
[0-2]   background: transparent;
[0-2] }
[0-2] 
[0-2] .ProseMirror-hideselection * {
[0-2]   caret-color: transparent;
[0-2] }
[0-2] 
[0-2] .ProseMirror-focused .ProseMirror-gapcursor {
[0-2]   display: block;
[0-2] }</style></head>
[0-2]   <!-- background 直接寫在 body，確保 JS 載入前不顯示白屏 -->
[0-2]   <body data-sveltekit-preload-data="hover" style="background:#1e1e1e;color:#cccccc" class="note-view">
[0-2]     <div style="display: contents">
[0-2] 			<script>
[0-2] 				{
[0-2] 					__sveltekit_1wk6xy5 = {
[0-2] 						base: ""
[0-2] 					};
[0-2] 
[0-2] 					const element = document.currentScript.parentElement;
[0-2] 
[0-2] 					Promise.all([
[0-2] 						import("/_app/immutable/entry/start.CkYLcQaC.js"),
[0-2] 						import("/_app/immutable/entry/app.BpDh7PSE.js")
[0-2] 					]).then(([kit, app]) => {
[0-2] 						kit.start(app, element);
[0-2] 					});
[0-2] 				}
[0-2] 			</script>
[0-2] 		<!----><!----><!----><!----><!----><!----><div class="note-window svelte-w3ygfh translucent-text" style="--note-bg-alpha: 1;"><div class="draggable-titlebar titlebar svelte-5wg0lt" data-tauri-drag-region=""><span class="note-title svelte-w3ygfh" data-tauri-drag-region="">Untitled-Global</span> <div class="opacity-bar svelte-1sc9gqf"><span class="lbl svelte-1sc9gqf">透明度</span> <input class="slider svelte-1sc9gqf" type="range" min="10" max="100" step="5" title="視窗透明度"> <span class="val svelte-1sc9gqf">100%</span></div><!----> <div class="titlebar-buttons svelte-w3ygfh"><button class="passthrough-dot svelte-w3ygfh dot-on" title="可互動 — 點此啟用穿透"></button> <button title="收起全部並儲存">⇊</button> <button title="最大化／還原">▢</button> <button title="儲存並關閉">✕</button></div><!----></div><!----> <div class="title-row svelte-w3ygfh"><input class="title-input svelte-w3ygfh" type="text" placeholder="標題"></div> <div class="toolbar svelte-1mufjh"><button title="Bold" class="svelte-1mufjh"><b>B</b></button> <button title="Italic" class="svelte-1mufjh"><i>I</i></button> <button title="Underline" class="svelte-1mufjh"><u>U</u></button> <button title="Strikethrough" class="svelte-1mufjh"><s>S</s></button> <span class="sep svelte-1mufjh"></span> <button title="Heading 1" class="svelte-1mufjh">H1</button> <button title="Heading 2" class="svelte-1mufjh">H2</button> <button title="Heading 3" class="svelte-1mufjh">H3</button> <span class="sep svelte-1mufjh"></span> <button title="Bullet list" class="svelte-1mufjh">≡</button> <button title="Task list" class="svelte-1mufjh">☑</button> <button title="Code block" class="svelte-1mufjh">&lt;/&gt;</button> <span class="spacer svelte-1mufjh"></span> <button class="settings-btn svelte-1mufjh" title="設定">⚙</button></div><!----> <div class="editor-area svelte-w3ygfh"><div class="editor-wrap svelte-a50o8t"><div contenteditable="true" role="textbox" translate="no" class="tiptap ProseMirror tiptap-editor" tabindex="0" style="font-size: 14px;"><p data-placeholder="輸入文字…" class="is-empty is-editor-empty"><br class="ProseMirror-trailingBreak"></p></div></div><!----> <!----></div></div><!----> <div id="svelte-announcer" aria-live="assertive" aria-atomic="true" style="position: absolute; left: 0; top: 0; clip: rect(0 0 0 0); clip-path: inset(50%); overflow: hidden; white-space: nowrap; width: 1px; height: 1px"><!----></div><!----></div>
[0-2]   
[0-2] 
[0-2] </body></html>
[0-2] 2026-05-04T11:55:21.402Z INFO webdriver: COMMAND deleteSession()
[0-2] 2026-05-04T11:55:21.402Z INFO webdriver: [DELETE] http://127.0.0.1:4444/session/8e13ca7aaf1d91fd6ddaa5b639e7cd49
[0-2] 2026-05-04T11:55:22.756Z INFO webdriver: RESULT null
[0-2] PASSED in undefined - file:///D:/a/waypoint/waypoint/waypoint/e2e/specs/multi-window.spec.js
2026-05-04T11:55:22.892Z INFO @wdio/cli:launcher: Run onWorkerEnd hook
2026-05-04T11:55:22.892Z INFO @wdio/cli:launcher: Run onWorkerStart hook
2026-05-04T11:55:22.893Z INFO @wdio/local-runner: Start worker 0-3 with arg: run e2e/wdio.conf.js
2026-05-04T11:55:22.924Z INFO @wdio/xvfb:ProcessFactory: xvfb-run not found, falling back to regular fork
2026-05-04T11:55:22.924Z INFO @wdio/xvfb:ProcessFactory: ProcessFactory: shouldRun=false, isAvailable=false
2026-05-04T11:55:22.924Z INFO @wdio/xvfb:ProcessFactory: Creating worker process with regular fork
[0-3] 2026-05-04T11:55:24.335Z INFO @wdio/local-runner: Run worker command: run
[0-3] RUNNING in undefined - file:///D:/a/waypoint/waypoint/waypoint/e2e/specs/no-stray-window.spec.js
[0-3] 2026-05-04T11:55:24.749Z INFO webdriver: Initiate new session using the WebDriver protocol
[0-3] 2026-05-04T11:55:24.749Z INFO @wdio/utils: Connecting to existing driver at http://127.0.0.1:4444/
[0-3] 2026-05-04T11:55:24.761Z INFO webdriver: [POST] http://127.0.0.1:4444/session
[0-3] 2026-05-04T11:55:25.586Z INFO webdriver: COMMAND getWindowHandle()
[0-3] 2026-05-04T11:55:25.587Z INFO webdriver: [GET] http://127.0.0.1:4444/session/d1aa0e11451c60020e0d522a3b6b117e/window
[0-3] 2026-05-04T11:55:25.592Z INFO webdriver: RESULT 1B298584EE1752AA015D905AD9B5A0D8
[0-3] 2026-05-04T11:55:25.599Z INFO webdriver: COMMAND getPageSource()
[0-3] 2026-05-04T11:55:25.600Z INFO webdriver: [GET] http://127.0.0.1:4444/session/d1aa0e11451c60020e0d522a3b6b117e/source
[0-3] 2026-05-04T11:55:25.607Z INFO webdriver: RESULT <html lang="en"><head>
[0-3]     <meta charset="utf-8">
[0-3]     <link rel="icon" href="http://tauri.localhost/favicon.png">
[0-3]     <meta name="viewport" content="width=device-width, initial-scale=1">
[0-3]     <title>Waypoint</title>
[0-3]     <link href="/_app/immutable/entry/start.CkYLcQaC.js" rel="modulepreload">
[0-3] 		<link href="/_app/immutable/chunks/xMTTk29t.js" rel="modulepreload">
[0-3] 		<link href="/_app/immutable/chunks/BrvQaNFF.js" rel="modulepreload">
[0-3] 		<link href="/_app/immutable/chunks/DwxfgNgC.js" rel="modulepreload">
[0-3] 		<link href="/_app/immutable/entry/app.BpDh7PSE.js" rel="modulepreload">
[0-3] 		<link href="/_app/immutable/chunks/CXr6ktTA.js" rel="modulepreload">
[0-3] 		<link href="/_app/immutable/chunks/D9elXV-C.js" rel="modulepreload">
[0-3] 		<link href="/_app/immutable/chunks/DnwWQDu8.js" rel="modulepreload">
[0-3] 		
[0-3]   <link rel="modulepreload" as="script" crossorigin="" href="http://tauri.localhost/_app/immutable/nodes/0.D7mbmQ2z.js"><link rel="modulepreload" as="script" crossorigin="" href="http://tauri.localhost/_app/immutable/chunks/C9OVhmEN.js"><link rel="stylesheet" crossorigin="" href="http://tauri.localhost/_app/immutable/assets/0.CkmnEqie.css"><link rel="modulepreload" as="script" crossorigin="" href="http://tauri.localhost/_app/immutable/nodes/1.BgVLJEVI.js"><link rel="modulepreload" as="script" crossorigin="" href="http://tauri.localhost/_app/immutable/nodes/2.hMicA2SK.js"><link rel="stylesheet" crossorigin="" href="http://tauri.localhost/_app/immutable/assets/2.D-ylHd_F.css"></head>
[0-3]   <!-- background 直接寫在 body，確保 JS 載入前不顯示白屏 -->
[0-3]   <body data-sveltekit-preload-data="hover" style="background:#1e1e1e;color:#cccccc">
[0-3]     <div style="display: contents">
[0-3] 			<script>
[0-3] 				{
[0-3] 					__sveltekit_1wk6xy5 = {
[0-3] 						base: ""
[0-3] 					};
[0-3] 
[0-3] 					const element = document.currentScript.parentElement;
[0-3] 
[0-3] 					Promise.all([
[0-3] 						import("/_app/immutable/entry/start.CkYLcQaC.js"),
[0-3] 						import("/_app/immutable/entry/app.BpDh7PSE.js")
[0-3] 					]).then(([kit, app]) => {
[0-3] 						kit.start(app, element);
[0-3] 					});
[0-3] 				}
[0-3] 			</script>
[0-3] 		<!----><!----><!----><!----><!----><div class="list-window svelte-701jsl"><div class="draggable-titlebar titlebar svelte-5wg0lt" data-tauri-drag-region=""><div class="titlebar-left svelte-701jsl" data-tauri-drag-region=""><span class="app-name svelte-701jsl" data-tauri-drag-region="">WAYPOINT</span> <button class="icon-btn svelte-701jsl" title="使用說明">?</button></div> <div class="titlebar-right svelte-701jsl"><button class="icon-btn svelte-701jsl" title="設定">⚙</button> <button class="icon-btn svelte-701jsl" title="收起全部">⇊</button> <button class="icon-btn svelte-701jsl" title="最小化列表">—</button> <button class="icon-btn svelte-701jsl" title="結束 Waypoint">✕</button></div><!----></div><!----> <div class="list-body svelte-701jsl"><div class="section svelte-1hchbgo"><div class="section-header svelte-1hchbgo"><span class="section-label">🌐 全域筆記</span> <button class="add-btn svelte-1hchbgo" title="新增全域筆記">+</button></div> <!----><div role="button" tabindex="0" class="note-item svelte-1mz4n7r" draggable="true" data-note-id="45310885-35e0-4080-a4b1-1331f2c37da1" title="Untitled"><span class="icon svelte-1mz4n7r">📄</span> <span class="title svelte-1mz4n7r">Untitled</span></div><!----> <!----> <!----><!----><div role="button" tabindex="0" class="note-item svelte-1mz4n7r" draggable="true" data-note-id="86dac50f-d896-42c4-826e-913773347c5d" title="Untitled"><span class="icon svelte-1mz4n7r">📄</span> <span class="title svelte-1mz4n7r">Untitled</span></div><!----> <!----> <!----><!----><div role="button" tabindex="0" class="note-item svelte-1mz4n7r" draggable="true" data-note-id="c7752d54-07de-4603-9448-84476eca5adf" title="Untitled"><span class="icon svelte-1mz4n7r">📄</span> <span class="title svelte-1mz4n7r">Untitled</span></div><!----> <!----> <!----><!----></div><!----> <div class="divider"></div> <!----></div></div><!----> <div id="svelte-announcer" aria-live="assertive" aria-atomic="true" style="position: absolute; left: 0; top: 0; clip: rect(0 0 0 0); clip-path: inset(50%); overflow: hidden; white-space: nowrap; width: 1px; height: 1px"><!----></div><!----></div>
[0-3]   
[0-3] 
[0-3] </body></html>
[0-3] 2026-05-04T11:55:25.611Z INFO webdriver: COMMAND getWindowHandles()
[0-3] 2026-05-04T11:55:25.611Z INFO webdriver: [GET] http://127.0.0.1:4444/session/d1aa0e11451c60020e0d522a3b6b117e/window/handles
[0-3] 2026-05-04T11:55:25.614Z INFO webdriver: RESULT [ '1B298584EE1752AA015D905AD9B5A0D8' ]
[0-3] 2026-05-04T11:55:25.616Z INFO webdriver: COMMAND switchToWindow("1B298584EE1752AA015D905AD9B5A0D8")
[0-3] 2026-05-04T11:55:25.617Z INFO webdriver: [POST] http://127.0.0.1:4444/session/d1aa0e11451c60020e0d522a3b6b117e/window
[0-3] 2026-05-04T11:55:25.617Z INFO webdriver: DATA {"handle":"1B298584EE1752AA015D905AD9B5A0D8"}
[0-3] 2026-05-04T11:55:25.623Z INFO webdriver: RESULT null
[0-3] 2026-05-04T11:55:25.624Z INFO webdriver: COMMAND getUrl()
[0-3] 2026-05-04T11:55:25.624Z INFO webdriver: [GET] http://127.0.0.1:4444/session/d1aa0e11451c60020e0d522a3b6b117e/url
[0-3] 2026-05-04T11:55:25.630Z INFO webdriver: RESULT http://tauri.localhost/#view=list
[0-3] 2026-05-04T11:55:25.633Z INFO webdriver: COMMAND deleteSession()
[0-3] 2026-05-04T11:55:25.633Z INFO webdriver: [DELETE] http://127.0.0.1:4444/session/d1aa0e11451c60020e0d522a3b6b117e
[0-3] 2026-05-04T11:55:25.661Z INFO webdriver: RESULT null
[0-3] PASSED in undefined - file:///D:/a/waypoint/waypoint/waypoint/e2e/specs/no-stray-window.spec.js
2026-05-04T11:55:25.805Z INFO @wdio/cli:launcher: Run onWorkerEnd hook
2026-05-04T11:55:25.805Z INFO @wdio/cli:launcher: Run onWorkerStart hook
2026-05-04T11:55:25.806Z INFO @wdio/local-runner: Start worker 0-4 with arg: run e2e/wdio.conf.js
2026-05-04T11:55:25.837Z INFO @wdio/xvfb:ProcessFactory: xvfb-run not found, falling back to regular fork
2026-05-04T11:55:25.837Z INFO @wdio/xvfb:ProcessFactory: ProcessFactory: shouldRun=false, isAvailable=false
2026-05-04T11:55:25.837Z INFO @wdio/xvfb:ProcessFactory: Creating worker process with regular fork
[0-4] 2026-05-04T11:55:27.249Z INFO @wdio/local-runner: Run worker command: run
[0-4] RUNNING in undefined - file:///D:/a/waypoint/waypoint/waypoint/e2e/specs/note-collapse-button.spec.js
[0-4] 2026-05-04T11:55:27.654Z INFO webdriver: Initiate new session using the WebDriver protocol
[0-4] 2026-05-04T11:55:27.655Z INFO @wdio/utils: Connecting to existing driver at http://127.0.0.1:4444/
[0-4] 2026-05-04T11:55:27.667Z INFO webdriver: [POST] http://127.0.0.1:4444/session
[0-4] 2026-05-04T11:55:28.380Z INFO webdriver: COMMAND getWindowHandle()
[0-4] 2026-05-04T11:55:28.381Z INFO webdriver: [GET] http://127.0.0.1:4444/session/2eb309de36adf16d0c92d193d610054e/window
[0-4] 2026-05-04T11:55:28.387Z INFO webdriver: RESULT 2BECD57E235722FA5FBA9117150C91BF
[0-4] 2026-05-04T11:55:28.398Z INFO webdriver: COMMAND getPageSource()
[0-4] 2026-05-04T11:55:28.399Z INFO webdriver: [GET] http://127.0.0.1:4444/session/2eb309de36adf16d0c92d193d610054e/source
[0-4] 2026-05-04T11:55:28.500Z INFO webdriver: RESULT <html lang="en"><head>
[0-4]     <meta charset="utf-8">
[0-4]     <link rel="icon" href="http://tauri.localhost/favicon.png">
[0-4]     <meta name="viewport" content="width=device-width, initial-scale=1">
[0-4]     <title>Waypoint</title>
[0-4]     <link href="/_app/immutable/entry/start.CkYLcQaC.js" rel="modulepreload">
[0-4] 		<link href="/_app/immutable/chunks/xMTTk29t.js" rel="modulepreload">
[0-4] 		<link href="/_app/immutable/chunks/BrvQaNFF.js" rel="modulepreload">
[0-4] 		<link href="/_app/immutable/chunks/DwxfgNgC.js" rel="modulepreload">
[0-4] 		<link href="/_app/immutable/entry/app.BpDh7PSE.js" rel="modulepreload">
[0-4] 		<link href="/_app/immutable/chunks/CXr6ktTA.js" rel="modulepreload">
[0-4] 		<link href="/_app/immutable/chunks/D9elXV-C.js" rel="modulepreload">
[0-4] 		<link href="/_app/immutable/chunks/DnwWQDu8.js" rel="modulepreload">
[0-4] 		
[0-4]   <link rel="modulepreload" as="script" crossorigin="" href="http://tauri.localhost/_app/immutable/nodes/0.D7mbmQ2z.js"><link rel="modulepreload" as="script" crossorigin="" href="http://tauri.localhost/_app/immutable/chunks/C9OVhmEN.js"><link rel="stylesheet" crossorigin="" href="http://tauri.localhost/_app/immutable/assets/0.CkmnEqie.css"><link rel="modulepreload" as="script" crossorigin="" href="http://tauri.localhost/_app/immutable/nodes/1.BgVLJEVI.js"><link rel="modulepreload" as="script" crossorigin="" href="http://tauri.localhost/_app/immutable/nodes/2.hMicA2SK.js"><link rel="stylesheet" crossorigin="" href="http://tauri.localhost/_app/immutable/assets/2.D-ylHd_F.css"></head>
[0-4]   <!-- background 直接寫在 body，確保 JS 載入前不顯示白屏 -->
[0-4]   <body data-sveltekit-preload-data="hover" style="background:#1e1e1e;color:#cccccc">
[0-4]     <div style="display: contents">
[0-4] 			<script>
[0-4] 				{
[0-4] 					__sveltekit_1wk6xy5 = {
[0-4] 						base: ""
[0-4] 					};
[0-4] 
[0-4] 					const element = document.currentScript.parentElement;
[0-4] 
[0-4] 					Promise.all([
[0-4] 						import("/_app/immutable/entry/start.CkYLcQaC.js"),
[0-4] 						import("/_app/immutable/entry/app.BpDh7PSE.js")
[0-4] 					]).then(([kit, app]) => {
[0-4] 						kit.start(app, element);
[0-4] 					});
[0-4] 				}
[0-4] 			</script>
[0-4] 		<!----><!----><!----><!----><!----><div class="list-window svelte-701jsl"><div class="draggable-titlebar titlebar svelte-5wg0lt" data-tauri-drag-region=""><div class="titlebar-left svelte-701jsl" data-tauri-drag-region=""><span class="app-name svelte-701jsl" data-tauri-drag-region="">WAYPOINT</span> <button class="icon-btn svelte-701jsl" title="使用說明">?</button></div> <div class="titlebar-right svelte-701jsl"><button class="icon-btn svelte-701jsl" title="設定">⚙</button> <button class="icon-btn svelte-701jsl" title="收起全部">⇊</button> <button class="icon-btn svelte-701jsl" title="最小化列表">—</button> <button class="icon-btn svelte-701jsl" title="結束 Waypoint">✕</button></div><!----></div><!----> <div class="list-body svelte-701jsl"><div class="section svelte-1hchbgo"><div class="section-header svelte-1hchbgo"><span class="section-label">🌐 全域筆記</span> <button class="add-btn svelte-1hchbgo" title="新增全域筆記">+</button></div> <!----></div><!----> <div class="divider"></div> <!----></div></div><!----> <div id="svelte-announcer" aria-live="assertive" aria-atomic="true" style="position: absolute; left: 0; top: 0; clip: rect(0 0 0 0); clip-path: inset(50%); overflow: hidden; white-space: nowrap; width: 1px; height: 1px"><!----></div><!----></div>
[0-4]   
[0-4] 
[0-4] </body></html>
[0-4] 2026-05-04T11:55:28.503Z INFO webdriver: COMMAND executeScript(<fn>, <object>)
[0-4] 2026-05-04T11:55:28.503Z INFO webdriver: [POST] http://127.0.0.1:4444/session/2eb309de36adf16d0c92d193d610054e/execute/sync
[0-4] 2026-05-04T11:55:28.504Z INFO webdriver: DATA {"script":"\n            function webdriverioPolyfill() {\n  var __defProp = Object.defineProperty;\n  var __name = function(target, _value) {\n    return __defProp(target, \"name\", { value: _value, configurable: true });\n  };\n  var __globalThis = typeof globalThis === \"object\" && globalThis || typeof window === \"object\" && window;\n  __globalThis.__name = __name;\n}\n            webdriverioPolyfill();\n            return (() => typeof window.__TAURI_INTERNALS__?.invoke === \"function\").apply(null, arguments)\n        ","args":[]}
[0-4] 2026-05-04T11:55:28.516Z INFO webdriver: RESULT true
[0-4] 2026-05-04T11:55:28.519Z INFO webdriver: COMMAND getWindowHandles()
[0-4] 2026-05-04T11:55:28.519Z INFO webdriver: [GET] http://127.0.0.1:4444/session/2eb309de36adf16d0c92d193d610054e/window/handles
[0-4] 2026-05-04T11:55:28.521Z INFO webdriver: RESULT [ '2BECD57E235722FA5FBA9117150C91BF' ]
[0-4] 2026-05-04T11:55:28.523Z INFO webdriver: COMMAND switchToWindow("2BECD57E235722FA5FBA9117150C91BF")
[0-4] 2026-05-04T11:55:28.523Z INFO webdriver: [POST] http://127.0.0.1:4444/session/2eb309de36adf16d0c92d193d610054e/window
[0-4] 2026-05-04T11:55:28.523Z INFO webdriver: DATA {"handle":"2BECD57E235722FA5FBA9117150C91BF"}
[0-4] 2026-05-04T11:55:28.526Z INFO webdriver: RESULT null
[0-4] 2026-05-04T11:55:28.527Z INFO webdriver: COMMAND executeAsyncScript(<fn>, <object>)
[0-4] 2026-05-04T11:55:28.528Z INFO webdriver: [POST] http://127.0.0.1:4444/session/2eb309de36adf16d0c92d193d610054e/execute/async
[0-4] 2026-05-04T11:55:28.528Z INFO webdriver: DATA {"script":"\n            function webdriverioPolyfill() {\n  var __defProp = Object.defineProperty;\n  var __name = function(target, _value) {\n    return __defProp(target, \"name\", { value: _value, configurable: true });\n  };\n  var __globalThis = typeof globalThis === \"object\" && globalThis || typeof window === \"object\" && window;\n  __globalThis.__name = __name;\n}\n            webdriverioPolyfill()\n            return ((c, a, done) => {\r\n      window.__TAURI_INTERNALS__\r\n        .invoke(c, a)\r\n        .then((r) => done({ ok: true, value: r }))\r\n        .catch((e) => done({ ok: false, error: String(e) }));\r\n    }).apply(null, arguments)\n        ","args":["create_note",{"contextId":null,"title":"Collapse 測試"}]}
[0-4] 2026-05-04T11:55:28.536Z INFO webdriver: RESULT {
[0-4]   ok: true,
[0-4]   value: {
[0-4]     content: '',
[0-4]     contextId: null,
[0-4]     id: 'f8312207-0a86-4dff-831c-80ea521bbedd',
[0-4]     settings: {
[0-4]       fontSize: 14,
[0-4]       hotkey: null,
[0-4]       opacity: 1,
[0-4]       passthrough: false,
[0-4]       windowBounds: null
[0-4]     },
[0-4]     title: 'Collapse 測試'
[0-4]   }
[0-4] }
[0-4] 2026-05-04T11:55:28.537Z INFO webdriver: COMMAND getWindowHandles()
[0-4] 2026-05-04T11:55:28.537Z INFO webdriver: [GET] http://127.0.0.1:4444/session/2eb309de36adf16d0c92d193d610054e/window/handles
[0-4] 2026-05-04T11:55:28.539Z INFO webdriver: RESULT [ '2BECD57E235722FA5FBA9117150C91BF' ]
[0-4] 2026-05-04T11:55:28.540Z INFO webdriver: COMMAND executeAsyncScript(<fn>, <object>)
[0-4] 2026-05-04T11:55:28.540Z INFO webdriver: [POST] http://127.0.0.1:4444/session/2eb309de36adf16d0c92d193d610054e/execute/async
[0-4] 2026-05-04T11:55:28.540Z INFO webdriver: DATA {"script":"\n            function webdriverioPolyfill() {\n  var __defProp = Object.defineProperty;\n  var __name = function(target, _value) {\n    return __defProp(target, \"name\", { value: _value, configurable: true });\n  };\n  var __globalThis = typeof globalThis === \"object\" && globalThis || typeof window === \"object\" && window;\n  __globalThis.__name = __name;\n}\n            webdriverioPolyfill()\n            return ((c, a, done) => {\r\n      window.__TAURI_INTERNALS__\r\n        .invoke(c, a)\r\n        .then((r) => done({ ok: true, value: r }))\r\n        .catch((e) => done({ ok: false, error: String(e) }));\r\n    }).apply(null, arguments)\n        ","args":["cmd_open_note_window",{"noteId":"f8312207-0a86-4dff-831c-80ea521bbedd","contextId":null}]}
[0-4] 2026-05-04T11:55:28.685Z INFO webdriver: RESULT { ok: true, value: null }
[0-4] 2026-05-04T11:55:28.688Z INFO webdriver: COMMAND getWindowHandles()
[0-4] 2026-05-04T11:55:28.688Z INFO webdriver: [GET] http://127.0.0.1:4444/session/2eb309de36adf16d0c92d193d610054e/window/handles
[0-4] 2026-05-04T11:55:28.714Z INFO webdriver: RESULT [
[0-4]   '2BECD57E235722FA5FBA9117150C91BF',
[0-4]   'B7EF2B2415E670DDD428922E2DFBDCD5'
[0-4] ]
[0-4] 2026-05-04T11:55:28.714Z INFO webdriver: COMMAND getWindowHandles()
[0-4] 2026-05-04T11:55:28.714Z INFO webdriver: [GET] http://127.0.0.1:4444/session/2eb309de36adf16d0c92d193d610054e/window/handles
[0-4] 2026-05-04T11:55:28.717Z INFO webdriver: RESULT [
[0-4]   '2BECD57E235722FA5FBA9117150C91BF',
[0-4]   'B7EF2B2415E670DDD428922E2DFBDCD5'
[0-4] ]
[0-4] 2026-05-04T11:55:28.717Z INFO webdriver: COMMAND switchToWindow("B7EF2B2415E670DDD428922E2DFBDCD5")
[0-4] 2026-05-04T11:55:28.718Z INFO webdriver: [POST] http://127.0.0.1:4444/session/2eb309de36adf16d0c92d193d610054e/window
[0-4] 2026-05-04T11:55:28.718Z INFO webdriver: DATA {"handle":"B7EF2B2415E670DDD428922E2DFBDCD5"}
[0-4] 2026-05-04T11:55:28.722Z INFO webdriver: RESULT null
[0-4] 2026-05-04T11:55:28.723Z INFO webdriver: COMMAND getPageSource()
[0-4] 2026-05-04T11:55:28.723Z INFO webdriver: [GET] http://127.0.0.1:4444/session/2eb309de36adf16d0c92d193d610054e/source
[0-4] 2026-05-04T11:55:28.729Z INFO webdriver: RESULT <html lang="en"><head>
[0-4]     <meta charset="utf-8">
[0-4]     <link rel="icon" href="/favicon.png">
[0-4]     <meta name="viewport" content="width=device-width, initial-scale=1">
[0-4]     <title>Waypoint</title>
[0-4]     <link href="/_app/immutable/entry/start.CkYLcQaC.js" rel="modulepreload">
[0-4] 		<link href="/_app/immutable/chunks/xMTTk29t.js" rel="modulepreload">
[0-4] 		<link href="/_app/immutable/chunks/BrvQaNFF.js" rel="modulepreload">
[0-4] 		<link href="/_app/immutable/chunks/DwxfgNgC.js" rel="modulepreload">
[0-4] 		<link href="/_app/immutable/entry/app.BpDh7PSE.js" rel="modulepreload">
[0-4] 		<link href="/_app/immutable/chunks/CXr6ktTA.js" rel="modulepreload">
[0-4] 		<link href="/_app/immutable/chunks/D9elXV-C.js" rel="modulepreload">
[0-4] 		<link href="/_app/immutable/chunks/DnwWQDu8.js" rel="modulepreload">
[0-4] 		
[0-4]   <link rel="modulepreload" as="script" crossorigin="" href="http://tauri.localhost/_app/immutable/nodes/0.D7mbmQ2z.js"><link rel="modulepreload" as="script" crossorigin="" href="http://tauri.localhost/_app/immutable/chunks/C9OVhmEN.js"><link rel="stylesheet" crossorigin="" href="http://tauri.localhost/_app/immutable/assets/0.CkmnEqie.css"><link rel="modulepreload" as="script" crossorigin="" href="http://tauri.localhost/_app/immutable/nodes/1.BgVLJEVI.js"><link rel="modulepreload" as="script" crossorigin="" href="http://tauri.localhost/_app/immutable/nodes/2.hMicA2SK.js"><link rel="stylesheet" crossorigin="" href="http://tauri.localhost/_app/immutable/assets/2.D-ylHd_F.css"></head>
[0-4]   <!-- background 直接寫在 body，確保 JS 載入前不顯示白屏 -->
[0-4]   <body data-sveltekit-preload-data="hover" style="background:#1e1e1e;color:#cccccc">
[0-4]     <div style="display: contents">
[0-4] 			<script>
[0-4] 				{
[0-4] 					__sveltekit_1wk6xy5 = {
[0-4] 						base: ""
[0-4] 					};
[0-4] 
[0-4] 					const element = document.currentScript.parentElement;
[0-4] 
[0-4] 					Promise.all([
[0-4] 						import("/_app/immutable/entry/start.CkYLcQaC.js"),
[0-4] 						import("/_app/immutable/entry/app.BpDh7PSE.js")
[0-4] 					]).then(([kit, app]) => {
[0-4] 						kit.start(app, element);
[0-4] 					});
[0-4] 				}
[0-4] 			</script>
[0-4] 		</div>
[0-4]   
[0-4] 
[0-4] </body></html>
[0-4] 2026-05-04T11:55:28.823Z INFO webdriver: COMMAND getPageSource()
[0-4] 2026-05-04T11:55:28.823Z INFO webdriver: [GET] http://127.0.0.1:4444/session/2eb309de36adf16d0c92d193d610054e/source
[0-4] 2026-05-04T11:55:28.893Z INFO webdriver: RESULT <html lang="en"><head>
[0-4]     <meta charset="utf-8">
[0-4]     <link rel="icon" href="http://tauri.localhost/favicon.png">
[0-4]     <meta name="viewport" content="width=device-width, initial-scale=1">
[0-4]     <title>Waypoint</title>
[0-4]     <link href="/_app/immutable/entry/start.CkYLcQaC.js" rel="modulepreload">
[0-4] 		<link href="/_app/immutable/chunks/xMTTk29t.js" rel="modulepreload">
[0-4] 		<link href="/_app/immutable/chunks/BrvQaNFF.js" rel="modulepreload">
[0-4] 		<link href="/_app/immutable/chunks/DwxfgNgC.js" rel="modulepreload">
[0-4] 		<link href="/_app/immutable/entry/app.BpDh7PSE.js" rel="modulepreload">
[0-4] 		<link href="/_app/immutable/chunks/CXr6ktTA.js" rel="modulepreload">
[0-4] 		<link href="/_app/immutable/chunks/D9elXV-C.js" rel="modulepreload">
[0-4] 		<link href="/_app/immutable/chunks/DnwWQDu8.js" rel="modulepreload">
[0-4] 		
[0-4]   <link rel="modulepreload" as="script" crossorigin="" href="http://tauri.localhost/_app/immutable/nodes/0.D7mbmQ2z.js"><link rel="modulepreload" as="script" crossorigin="" href="http://tauri.localhost/_app/immutable/chunks/C9OVhmEN.js"><link rel="stylesheet" crossorigin="" href="http://tauri.localhost/_app/immutable/assets/0.CkmnEqie.css"><link rel="modulepreload" as="script" crossorigin="" href="http://tauri.localhost/_app/immutable/nodes/1.BgVLJEVI.js"><link rel="modulepreload" as="script" crossorigin="" href="http://tauri.localhost/_app/immutable/nodes/2.hMicA2SK.js"><link rel="stylesheet" crossorigin="" href="http://tauri.localhost/_app/immutable/assets/2.D-ylHd_F.css"><style data-tiptap-style="">.ProseMirror {
[0-4]   position: relative;
[0-4] }
[0-4] 
[0-4] .ProseMirror {
[0-4]   word-wrap: break-word;
[0-4]   white-space: pre-wrap;
[0-4]   white-space: break-spaces;
[0-4]   -webkit-font-variant-ligatures: none;
[0-4]   font-variant-ligatures: none;
[0-4]   font-feature-settings: "liga" 0; /* the above doesn't seem to work in Edge */
[0-4] }
[0-4] 
[0-4] .ProseMirror [contenteditable="false"] {
[0-4]   white-space: normal;
[0-4] }
[0-4] 
[0-4] .ProseMirror [contenteditable="false"] [contenteditable="true"] {
[0-4]   white-space: pre-wrap;
[0-4] }
[0-4] 
[0-4] .ProseMirror pre {
[0-4]   white-space: pre-wrap;
[0-4] }
[0-4] 
[0-4] img.ProseMirror-separator {
[0-4]   display: inline !important;
[0-4]   border: none !important;
[0-4]   margin: 0 !important;
[0-4]   width: 0 !important;
[0-4]   height: 0 !important;
[0-4] }
[0-4] 
[0-4] .ProseMirror-gapcursor {
[0-4]   display: none;
[0-4]   pointer-events: none;
[0-4]   position: absolute;
[0-4]   margin: 0;
[0-4] }
[0-4] 
[0-4] .ProseMirror-gapcursor:after {
[0-4]   content: "";
[0-4]   display: block;
[0-4]   position: absolute;
[0-4]   top: -2px;
[0-4]   width: 20px;
[0-4]   border-top: 1px solid black;
[0-4]   animation: ProseMirror-cursor-blink 1.1s steps(2, start) infinite;
[0-4] }
[0-4] 
[0-4] @keyframes ProseMirror-cursor-blink {
[0-4]   to {
[0-4]     visibility: hidden;
[0-4]   }
[0-4] }
[0-4] 
[0-4] .ProseMirror-hideselection *::selection {
[0-4]   background: transparent;
[0-4] }
[0-4] 
[0-4] .ProseMirror-hideselection *::-moz-selection {
[0-4]   background: transparent;
[0-4] }
[0-4] 
[0-4] .ProseMirror-hideselection * {
[0-4]   caret-color: transparent;
[0-4] }
[0-4] 
[0-4] .ProseMirror-focused .ProseMirror-gapcursor {
[0-4]   display: block;
[0-4] }</style></head>
[0-4]   <!-- background 直接寫在 body，確保 JS 載入前不顯示白屏 -->
[0-4]   <body data-sveltekit-preload-data="hover" style="background:#1e1e1e;color:#cccccc" class="note-view">
[0-4]     <div style="display: contents">
[0-4] 			<script>
[0-4] 				{
[0-4] 					__sveltekit_1wk6xy5 = {
[0-4] 						base: ""
[0-4] 					};
[0-4] 
[0-4] 					const element = document.currentScript.parentElement;
[0-4] 
[0-4] 					Promise.all([
[0-4] 						import("/_app/immutable/entry/start.CkYLcQaC.js"),
[0-4] 						import("/_app/immutable/entry/app.BpDh7PSE.js")
[0-4] 					]).then(([kit, app]) => {
[0-4] 						kit.start(app, element);
[0-4] 					});
[0-4] 				}
[0-4] 			</script>
[0-4] 		<!----><!----><!----><!----><!----><!----><div class="note-window svelte-w3ygfh translucent-text" style="--note-bg-alpha: 1;"><div class="draggable-titlebar titlebar svelte-5wg0lt" data-tauri-drag-region=""><span class="note-title svelte-w3ygfh" data-tauri-drag-region="">Untitled-Global</span> <div class="opacity-bar svelte-1sc9gqf"><span class="lbl svelte-1sc9gqf">透明度</span> <input class="slider svelte-1sc9gqf" type="range" min="10" max="100" step="5" title="視窗透明度"> <span class="val svelte-1sc9gqf">100%</span></div><!----> <div class="titlebar-buttons svelte-w3ygfh"><button class="passthrough-dot svelte-w3ygfh dot-on" title="可互動 — 點此啟用穿透"></button> <button title="收起全部並儲存">⇊</button> <button title="最大化／還原">▢</button> <button title="儲存並關閉">✕</button></div><!----></div><!----> <div class="title-row svelte-w3ygfh"><input class="title-input svelte-w3ygfh" type="text" placeholder="標題"></div> <div class="toolbar svelte-1mufjh"><button title="Bold" class="svelte-1mufjh"><b>B</b></button> <button title="Italic" class="svelte-1mufjh"><i>I</i></button> <button title="Underline" class="svelte-1mufjh"><u>U</u></button> <button title="Strikethrough" class="svelte-1mufjh"><s>S</s></button> <span class="sep svelte-1mufjh"></span> <button title="Heading 1" class="svelte-1mufjh">H1</button> <button title="Heading 2" class="svelte-1mufjh">H2</button> <button title="Heading 3" class="svelte-1mufjh">H3</button> <span class="sep svelte-1mufjh"></span> <button title="Bullet list" class="svelte-1mufjh">≡</button> <button title="Task list" class="svelte-1mufjh">☑</button> <button title="Code block" class="svelte-1mufjh">&lt;/&gt;</button> <span class="spacer svelte-1mufjh"></span> <button class="settings-btn svelte-1mufjh" title="設定">⚙</button></div><!----> <div class="editor-area svelte-w3ygfh"><div class="editor-wrap svelte-a50o8t"><div contenteditable="true" role="textbox" translate="no" class="tiptap ProseMirror tiptap-editor" tabindex="0" style="font-size: 14px;"><p data-placeholder="輸入文字…" class="is-empty is-editor-empty"><br class="ProseMirror-trailingBreak"></p></div></div><!----> <!----></div></div><!----> <div id="svelte-announcer" aria-live="assertive" aria-atomic="true" style="position: absolute; left: 0; top: 0; clip: rect(0 0 0 0); clip-path: inset(50%); overflow: hidden; white-space: nowrap; width: 1px; height: 1px"><!----></div><!----></div>
[0-4]   
[0-4] 
[0-4] </body></html>
[0-4] 2026-05-04T11:55:28.896Z INFO webdriver: COMMAND findElement("css selector", "button[title="收起全部並儲存"]")
[0-4] 2026-05-04T11:55:28.896Z INFO webdriver: [POST] http://127.0.0.1:4444/session/2eb309de36adf16d0c92d193d610054e/element
[0-4] 2026-05-04T11:55:28.896Z INFO webdriver: DATA {"using":"css selector","value":"button[title=\"收起全部並儲存\"]"}
[0-4] 2026-05-04T11:55:28.910Z INFO webdriver: RESULT {
[0-4]   'element-6066-11e4-a52e-4f735466cecf': 'f.B7EF2B2415E670DDD428922E2DFBDCD5.d.C8AC947ECAAE0540A1EC566AFCAF026C.e.3'
[0-4] }
[0-4] 2026-05-04T11:55:28.918Z INFO webdriver: COMMAND findElements("css selector", "button[title="收起全部並儲存"]")
[0-4] 2026-05-04T11:55:28.919Z INFO webdriver: [POST] http://127.0.0.1:4444/session/2eb309de36adf16d0c92d193d610054e/elements
[0-4] 2026-05-04T11:55:28.919Z INFO webdriver: DATA {"using":"css selector","value":"button[title=\"收起全部並儲存\"]"}
[0-4] 2026-05-04T11:55:28.929Z INFO webdriver: RESULT [
[0-4]   {
[0-4]     'element-6066-11e4-a52e-4f735466cecf': 'f.B7EF2B2415E670DDD428922E2DFBDCD5.d.C8AC947ECAAE0540A1EC566AFCAF026C.e.3'
[0-4]   }
[0-4] ]
[0-4] 2026-05-04T11:55:28.933Z INFO webdriver: COMMAND getElementText("f.B7EF2B2415E670DDD428922E2DFBDCD5.d.C8AC947ECAAE0540A1EC566AFCAF026C.e.3")
[0-4] 2026-05-04T11:55:28.934Z INFO webdriver: [GET] http://127.0.0.1:4444/session/2eb309de36adf16d0c92d193d610054e/element/f.B7EF2B2415E670DDD428922E2DFBDCD5.d.C8AC947ECAAE0540A1EC566AFCAF026C.e.3/text
[0-4] 2026-05-04T11:55:29.078Z INFO webdriver: RESULT ⇊
[0-4] 2026-05-04T11:55:29.078Z INFO webdriver: COMMAND elementClick("f.B7EF2B2415E670DDD428922E2DFBDCD5.d.C8AC947ECAAE0540A1EC566AFCAF026C.e.3")
[0-4] 2026-05-04T11:55:29.079Z INFO webdriver: [POST] http://127.0.0.1:4444/session/2eb309de36adf16d0c92d193d610054e/element/f.B7EF2B2415E670DDD428922E2DFBDCD5.d.C8AC947ECAAE0540A1EC566AFCAF026C.e.3/click
[0-4] 2026-05-04T11:55:29.079Z INFO webdriver: DATA {}
[0-4] 2026-05-04T11:55:29.188Z INFO webdriver: RESULT null
[0-4] 2026-05-04T11:55:29.192Z INFO webdriver: COMMAND deleteSession()
[0-4] 2026-05-04T11:55:29.192Z INFO webdriver: [DELETE] http://127.0.0.1:4444/session/2eb309de36adf16d0c92d193d610054e
[0-4] 2026-05-04T11:55:29.225Z INFO webdriver: RESULT null
[0-4] PASSED in undefined - file:///D:/a/waypoint/waypoint/waypoint/e2e/specs/note-collapse-button.spec.js
2026-05-04T11:55:29.375Z INFO @wdio/cli:launcher: Run onWorkerEnd hook
2026-05-04T11:55:29.376Z INFO @wdio/cli:launcher: Run onWorkerStart hook
2026-05-04T11:55:29.377Z INFO @wdio/local-runner: Start worker 0-5 with arg: run e2e/wdio.conf.js
2026-05-04T11:55:29.406Z INFO @wdio/xvfb:ProcessFactory: xvfb-run not found, falling back to regular fork
2026-05-04T11:55:29.406Z INFO @wdio/xvfb:ProcessFactory: ProcessFactory: shouldRun=false, isAvailable=false
2026-05-04T11:55:29.406Z INFO @wdio/xvfb:ProcessFactory: Creating worker process with regular fork
[0-5] 2026-05-04T11:55:30.786Z INFO @wdio/local-runner: Run worker command: run
[0-5] RUNNING in undefined - file:///D:/a/waypoint/waypoint/waypoint/e2e/specs/note-content-persistence.spec.js
[0-5] 2026-05-04T11:55:31.192Z INFO webdriver: Initiate new session using the WebDriver protocol
[0-5] 2026-05-04T11:55:31.192Z INFO @wdio/utils: Connecting to existing driver at http://127.0.0.1:4444/
[0-5] 2026-05-04T11:55:31.204Z INFO webdriver: [POST] http://127.0.0.1:4444/session
[0-5] 2026-05-04T11:55:31.916Z INFO webdriver: COMMAND getWindowHandle()
[0-5] 2026-05-04T11:55:31.916Z INFO webdriver: [GET] http://127.0.0.1:4444/session/1b273463339efd1f691d1a6803576d60/window
[0-5] 2026-05-04T11:55:31.923Z INFO webdriver: RESULT E0740F954B0CD540731BD9A5F491BF55
[0-5] 2026-05-04T11:55:31.929Z INFO webdriver: COMMAND getPageSource()
[0-5] 2026-05-04T11:55:31.929Z INFO webdriver: [GET] http://127.0.0.1:4444/session/1b273463339efd1f691d1a6803576d60/source
[0-5] 2026-05-04T11:55:32.031Z INFO webdriver: RESULT <html lang="en"><head>
[0-5]     <meta charset="utf-8">
[0-5]     <link rel="icon" href="http://tauri.localhost/favicon.png">
[0-5]     <meta name="viewport" content="width=device-width, initial-scale=1">
[0-5]     <title>Waypoint</title>
[0-5]     <link href="/_app/immutable/entry/start.CkYLcQaC.js" rel="modulepreload">
[0-5] 		<link href="/_app/immutable/chunks/xMTTk29t.js" rel="modulepreload">
[0-5] 		<link href="/_app/immutable/chunks/BrvQaNFF.js" rel="modulepreload">
[0-5] 		<link href="/_app/immutable/chunks/DwxfgNgC.js" rel="modulepreload">
[0-5] 		<link href="/_app/immutable/entry/app.BpDh7PSE.js" rel="modulepreload">
[0-5] 		<link href="/_app/immutable/chunks/CXr6ktTA.js" rel="modulepreload">
[0-5] 		<link href="/_app/immutable/chunks/D9elXV-C.js" rel="modulepreload">
[0-5] 		<link href="/_app/immutable/chunks/DnwWQDu8.js" rel="modulepreload">
[0-5] 		
[0-5]   <link rel="modulepreload" as="script" crossorigin="" href="http://tauri.localhost/_app/immutable/nodes/0.D7mbmQ2z.js"><link rel="modulepreload" as="script" crossorigin="" href="http://tauri.localhost/_app/immutable/chunks/C9OVhmEN.js"><link rel="stylesheet" crossorigin="" href="http://tauri.localhost/_app/immutable/assets/0.CkmnEqie.css"><link rel="modulepreload" as="script" crossorigin="" href="http://tauri.localhost/_app/immutable/nodes/1.BgVLJEVI.js"><link rel="modulepreload" as="script" crossorigin="" href="http://tauri.localhost/_app/immutable/nodes/2.hMicA2SK.js"><link rel="stylesheet" crossorigin="" href="http://tauri.localhost/_app/immutable/assets/2.D-ylHd_F.css"></head>
[0-5]   <!-- background 直接寫在 body，確保 JS 載入前不顯示白屏 -->
[0-5]   <body data-sveltekit-preload-data="hover" style="background:#1e1e1e;color:#cccccc">
[0-5]     <div style="display: contents">
[0-5] 			<script>
[0-5] 				{
[0-5] 					__sveltekit_1wk6xy5 = {
[0-5] 						base: ""
[0-5] 					};
[0-5] 
[0-5] 					const element = document.currentScript.parentElement;
[0-5] 
[0-5] 					Promise.all([
[0-5] 						import("/_app/immutable/entry/start.CkYLcQaC.js"),
[0-5] 						import("/_app/immutable/entry/app.BpDh7PSE.js")
[0-5] 					]).then(([kit, app]) => {
[0-5] 						kit.start(app, element);
[0-5] 					});
[0-5] 				}
[0-5] 			</script>
[0-5] 		<!----><!----><!----><!----><!----><div class="list-window svelte-701jsl"><div class="draggable-titlebar titlebar svelte-5wg0lt" data-tauri-drag-region=""><div class="titlebar-left svelte-701jsl" data-tauri-drag-region=""><span class="app-name svelte-701jsl" data-tauri-drag-region="">WAYPOINT</span> <button class="icon-btn svelte-701jsl" title="使用說明">?</button></div> <div class="titlebar-right svelte-701jsl"><button class="icon-btn svelte-701jsl" title="設定">⚙</button> <button class="icon-btn svelte-701jsl" title="收起全部">⇊</button> <button class="icon-btn svelte-701jsl" title="最小化列表">—</button> <button class="icon-btn svelte-701jsl" title="結束 Waypoint">✕</button></div><!----></div><!----> <div class="list-body svelte-701jsl"><div class="section svelte-1hchbgo"><div class="section-header svelte-1hchbgo"><span class="section-label">🌐 全域筆記</span> <button class="add-btn svelte-1hchbgo" title="新增全域筆記">+</button></div> <!----></div><!----> <div class="divider"></div> <!----></div></div><!----> <div id="svelte-announcer" aria-live="assertive" aria-atomic="true" style="position: absolute; left: 0; top: 0; clip: rect(0 0 0 0); clip-path: inset(50%); overflow: hidden; white-space: nowrap; width: 1px; height: 1px"><!----></div><!----></div>
[0-5]   
[0-5] 
[0-5] </body></html>
[0-5] 2026-05-04T11:55:32.034Z INFO webdriver: COMMAND executeScript(<fn>, <object>)
[0-5] 2026-05-04T11:55:32.034Z INFO webdriver: [POST] http://127.0.0.1:4444/session/1b273463339efd1f691d1a6803576d60/execute/sync
[0-5] 2026-05-04T11:55:32.035Z INFO webdriver: DATA {"script":"\n            function webdriverioPolyfill() {\n  var __defProp = Object.defineProperty;\n  var __name = function(target, _value) {\n    return __defProp(target, \"name\", { value: _value, configurable: true });\n  };\n  var __globalThis = typeof globalThis === \"object\" && globalThis || typeof window === \"object\" && window;\n  __globalThis.__name = __name;\n}\n            webdriverioPolyfill();\n            return (() => typeof window.__TAURI_INTERNALS__?.invoke === \"function\").apply(null, arguments)\n        ","args":[]}
[0-5] 2026-05-04T11:55:32.045Z INFO webdriver: RESULT true
[0-5] 2026-05-04T11:55:32.048Z INFO webdriver: COMMAND getWindowHandles()
[0-5] 2026-05-04T11:55:32.049Z INFO webdriver: [GET] http://127.0.0.1:4444/session/1b273463339efd1f691d1a6803576d60/window/handles
[0-5] 2026-05-04T11:55:32.051Z INFO webdriver: RESULT [ 'E0740F954B0CD540731BD9A5F491BF55' ]
[0-5] 2026-05-04T11:55:32.053Z INFO webdriver: COMMAND switchToWindow("E0740F954B0CD540731BD9A5F491BF55")
[0-5] 2026-05-04T11:55:32.053Z INFO webdriver: [POST] http://127.0.0.1:4444/session/1b273463339efd1f691d1a6803576d60/window
[0-5] 2026-05-04T11:55:32.053Z INFO webdriver: DATA {"handle":"E0740F954B0CD540731BD9A5F491BF55"}
[0-5] 2026-05-04T11:55:32.056Z INFO webdriver: RESULT null
[0-5] 2026-05-04T11:55:32.057Z INFO webdriver: COMMAND executeAsyncScript(<fn>, <object>)
[0-5] 2026-05-04T11:55:32.057Z INFO webdriver: [POST] http://127.0.0.1:4444/session/1b273463339efd1f691d1a6803576d60/execute/async
[0-5] 2026-05-04T11:55:32.058Z INFO webdriver: DATA {"script":"\n            function webdriverioPolyfill() {\n  var __defProp = Object.defineProperty;\n  var __name = function(target, _value) {\n    return __defProp(target, \"name\", { value: _value, configurable: true });\n  };\n  var __globalThis = typeof globalThis === \"object\" && globalThis || typeof window === \"object\" && window;\n  __globalThis.__name = __name;\n}\n            webdriverioPolyfill()\n            return ((c, a, done) => {\r\n      window.__TAURI_INTERNALS__\r\n        .invoke(c, a)\r\n        .then((r) => done({ ok: true, value: r }))\r\n        .catch((e) => done({ ok: false, error: String(e) }));\r\n    }).apply(null, arguments)\n        ","args":["create_note",{"contextId":null,"title":"Persistence 測試"}]}
[0-5] 2026-05-04T11:55:32.065Z INFO webdriver: RESULT {
[0-5]   ok: true,
[0-5]   value: {
[0-5]     content: '',
[0-5]     contextId: null,
[0-5]     id: '78e07d29-e1ba-44ca-80f5-3dabde956f36',
[0-5]     settings: {
[0-5]       fontSize: 14,
[0-5]       hotkey: null,
[0-5]       opacity: 1,
[0-5]       passthrough: false,
[0-5]       windowBounds: null
[0-5]     },
[0-5]     title: 'Persistence 測試'
[0-5]   }
[0-5] }
[0-5] 2026-05-04T11:55:32.066Z INFO webdriver: COMMAND getWindowHandles()
[0-5] 2026-05-04T11:55:32.066Z INFO webdriver: [GET] http://127.0.0.1:4444/session/1b273463339efd1f691d1a6803576d60/window/handles
[0-5] 2026-05-04T11:55:32.068Z INFO webdriver: RESULT [ 'E0740F954B0CD540731BD9A5F491BF55' ]
[0-5] 2026-05-04T11:55:32.069Z INFO webdriver: COMMAND executeAsyncScript(<fn>, <object>)
[0-5] 2026-05-04T11:55:32.069Z INFO webdriver: [POST] http://127.0.0.1:4444/session/1b273463339efd1f691d1a6803576d60/execute/async
[0-5] 2026-05-04T11:55:32.069Z INFO webdriver: DATA {"script":"\n            function webdriverioPolyfill() {\n  var __defProp = Object.defineProperty;\n  var __name = function(target, _value) {\n    return __defProp(target, \"name\", { value: _value, configurable: true });\n  };\n  var __globalThis = typeof globalThis === \"object\" && globalThis || typeof window === \"object\" && window;\n  __globalThis.__name = __name;\n}\n            webdriverioPolyfill()\n            return ((c, a, done) => {\r\n      window.__TAURI_INTERNALS__\r\n        .invoke(c, a)\r\n        .then((r) => done({ ok: true, value: r }))\r\n        .catch((e) => done({ ok: false, error: String(e) }));\r\n    }).apply(null, arguments)\n        ","args":["cmd_open_note_window",{"noteId":"78e07d29-e1ba-44ca-80f5-3dabde956f36","contextId":null}]}
[0-5] 2026-05-04T11:55:32.217Z INFO webdriver: RESULT { ok: true, value: null }
[0-5] 2026-05-04T11:55:32.217Z INFO webdriver: COMMAND getWindowHandles()
[0-5] 2026-05-04T11:55:32.218Z INFO webdriver: [GET] http://127.0.0.1:4444/session/1b273463339efd1f691d1a6803576d60/window/handles
[0-5] 2026-05-04T11:55:32.243Z INFO webdriver: RESULT [
[0-5]   'E0740F954B0CD540731BD9A5F491BF55',
[0-5]   'D7CE605CD07273248C64F67DAC89E6B2'
[0-5] ]
[0-5] 2026-05-04T11:55:32.244Z INFO webdriver: COMMAND getWindowHandles()
[0-5] 2026-05-04T11:55:32.244Z INFO webdriver: [GET] http://127.0.0.1:4444/session/1b273463339efd1f691d1a6803576d60/window/handles
[0-5] 2026-05-04T11:55:32.247Z INFO webdriver: RESULT [
[0-5]   'E0740F954B0CD540731BD9A5F491BF55',
[0-5]   'D7CE605CD07273248C64F67DAC89E6B2'
[0-5] ]
[0-5] 2026-05-04T11:55:32.248Z INFO webdriver: COMMAND switchToWindow("D7CE605CD07273248C64F67DAC89E6B2")
[0-5] 2026-05-04T11:55:32.249Z INFO webdriver: [POST] http://127.0.0.1:4444/session/1b273463339efd1f691d1a6803576d60/window
[0-5] 2026-05-04T11:55:32.249Z INFO webdriver: DATA {"handle":"D7CE605CD07273248C64F67DAC89E6B2"}
[0-5] 2026-05-04T11:55:32.253Z INFO webdriver: RESULT null
[0-5] 2026-05-04T11:55:32.253Z INFO webdriver: COMMAND executeScript(<fn>, <object>)
[0-5] 2026-05-04T11:55:32.253Z INFO webdriver: [POST] http://127.0.0.1:4444/session/1b273463339efd1f691d1a6803576d60/execute/sync
[0-5] 2026-05-04T11:55:32.253Z INFO webdriver: DATA {"script":"\n            function webdriverioPolyfill() {\n  var __defProp = Object.defineProperty;\n  var __name = function(target, _value) {\n    return __defProp(target, \"name\", { value: _value, configurable: true });\n  };\n  var __globalThis = typeof globalThis === \"object\" && globalThis || typeof window === \"object\" && window;\n  __globalThis.__name = __name;\n}\n            webdriverioPolyfill();\n            return (() => !!(window).__waypointTiptapEditor).apply(null, arguments)\n        ","args":[]}
[0-5] 2026-05-04T11:55:32.261Z INFO webdriver: RESULT false
[0-5] 2026-05-04T11:55:32.354Z INFO webdriver: COMMAND executeScript(<fn>, <object>)
[0-5] 2026-05-04T11:55:32.354Z INFO webdriver: [POST] http://127.0.0.1:4444/session/1b273463339efd1f691d1a6803576d60/execute/sync
[0-5] 2026-05-04T11:55:32.355Z INFO webdriver: DATA {"script":"\n            function webdriverioPolyfill() {\n  var __defProp = Object.defineProperty;\n  var __name = function(target, _value) {\n    return __defProp(target, \"name\", { value: _value, configurable: true });\n  };\n  var __globalThis = typeof globalThis === \"object\" && globalThis || typeof window === \"object\" && window;\n  __globalThis.__name = __name;\n}\n            webdriverioPolyfill();\n            return (() => !!(window).__waypointTiptapEditor).apply(null, arguments)\n        ","args":[]}
[0-5] 2026-05-04T11:55:32.423Z INFO webdriver: RESULT true
[0-5] 2026-05-04T11:55:32.424Z INFO webdriver: COMMAND executeScript(<fn>, <object>)
[0-5] 2026-05-04T11:55:32.425Z INFO webdriver: [POST] http://127.0.0.1:4444/session/1b273463339efd1f691d1a6803576d60/execute/sync
[0-5] 2026-05-04T11:55:32.425Z INFO webdriver: DATA {"script":"\n            function webdriverioPolyfill() {\n  var __defProp = Object.defineProperty;\n  var __name = function(target, _value) {\n    return __defProp(target, \"name\", { value: _value, configurable: true });\n  };\n  var __globalThis = typeof globalThis === \"object\" && globalThis || typeof window === \"object\" && window;\n  __globalThis.__name = __name;\n}\n            webdriverioPolyfill();\n            return ((text) => {\r\n      const ed = (window).__waypointTiptapEditor;\r\n      ed.commands.insertContent(text);\r\n    }).apply(null, arguments)\n        ","args":["PERSIST-1777895732424"]}
[0-5] 2026-05-04T11:55:32.436Z INFO webdriver: RESULT null
[0-5] 2026-05-04T11:55:32.438Z INFO webdriver: COMMAND findElement("css selector", ".tiptap-editor")
[0-5] 2026-05-04T11:55:32.438Z INFO webdriver: [POST] http://127.0.0.1:4444/session/1b273463339efd1f691d1a6803576d60/element
[0-5] 2026-05-04T11:55:32.438Z INFO webdriver: DATA {"using":"css selector","value":".tiptap-editor"}
[0-5] 2026-05-04T11:55:32.450Z INFO webdriver: RESULT {
[0-5]   'element-6066-11e4-a52e-4f735466cecf': 'f.D7CE605CD07273248C64F67DAC89E6B2.d.E15F9D101CAB1017036813B1F682567C.e.3'
[0-5] }
[0-5] 2026-05-04T11:55:32.457Z INFO webdriver: COMMAND executeScript(<fn>, <object>)
[0-5] 2026-05-04T11:55:32.458Z INFO webdriver: [POST] http://127.0.0.1:4444/session/1b273463339efd1f691d1a6803576d60/execute/sync
[0-5] 2026-05-04T11:55:32.458Z INFO webdriver: DATA {"script":"\n            function webdriverioPolyfill() {\n  var __defProp = Object.defineProperty;\n  var __name = function(target, _value) {\n    return __defProp(target, \"name\", { value: _value, configurable: true });\n  };\n  var __globalThis = typeof globalThis === \"object\" && globalThis || typeof window === \"object\" && window;\n  __globalThis.__name = __name;\n}\n            webdriverioPolyfill();\n            return (function getHTML(element, includeSelectorTag) {\n  return element[includeSelectorTag ? \"outerHTML\" : \"innerHTML\"];\n}).apply(null, arguments)\n        ","args":[{"element-6066-11e4-a52e-4f735466cecf":"f.D7CE605CD07273248C64F67DAC89E6B2.d.E15F9D101CAB1017036813B1F682567C.e.3","ELEMENT":"f.D7CE605CD07273248C64F67DAC89E6B2.d.E15F9D101CAB1017036813B1F682567C.e.3"},true]}
[0-5] 2026-05-04T11:55:32.465Z INFO webdriver: RESULT <div contenteditable="true" role="textbox" translate="no" class="tiptap ProseMirror tiptap-editor" tabindex="0" style="font-size: 14px;"><p>PERSIST-1777895732424</p></div>
[0-5] 2026-05-04T11:55:32.467Z INFO webdriver: COMMAND findElement("css selector", "button[title="儲存並關閉"]")
[0-5] 2026-05-04T11:55:32.467Z INFO webdriver: [POST] http://127.0.0.1:4444/session/1b273463339efd1f691d1a6803576d60/element
[0-5] 2026-05-04T11:55:32.468Z INFO webdriver: DATA {"using":"css selector","value":"button[title=\"儲存並關閉\"]"}
[0-5] 2026-05-04T11:55:32.493Z INFO webdriver: RESULT {
[0-5]   'element-6066-11e4-a52e-4f735466cecf': 'f.D7CE605CD07273248C64F67DAC89E6B2.d.E15F9D101CAB1017036813B1F682567C.e.5'
[0-5] }
[0-5] 2026-05-04T11:55:32.498Z INFO webdriver: COMMAND findElements("css selector", "button[title="儲存並關閉"]")
[0-5] 2026-05-04T11:55:32.499Z INFO webdriver: [POST] http://127.0.0.1:4444/session/1b273463339efd1f691d1a6803576d60/elements
[0-5] 2026-05-04T11:55:32.499Z INFO webdriver: DATA {"using":"css selector","value":"button[title=\"儲存並關閉\"]"}
[0-5] 2026-05-04T11:55:32.510Z INFO webdriver: RESULT [
[0-5]   {
[0-5]     'element-6066-11e4-a52e-4f735466cecf': 'f.D7CE605CD07273248C64F67DAC89E6B2.d.E15F9D101CAB1017036813B1F682567C.e.5'
[0-5]   }
[0-5] ]
[0-5] 2026-05-04T11:55:32.514Z INFO webdriver: COMMAND getWindowHandles()
[0-5] 2026-05-04T11:55:32.514Z INFO webdriver: [GET] http://127.0.0.1:4444/session/1b273463339efd1f691d1a6803576d60/window/handles
[0-5] 2026-05-04T11:55:32.516Z INFO webdriver: RESULT [
[0-5]   'E0740F954B0CD540731BD9A5F491BF55',
[0-5]   'D7CE605CD07273248C64F67DAC89E6B2'
[0-5] ]
[0-5] 2026-05-04T11:55:32.517Z INFO webdriver: COMMAND elementClick("f.D7CE605CD07273248C64F67DAC89E6B2.d.E15F9D101CAB1017036813B1F682567C.e.5")
[0-5] 2026-05-04T11:55:32.517Z INFO webdriver: [POST] http://127.0.0.1:4444/session/1b273463339efd1f691d1a6803576d60/element/f.D7CE605CD07273248C64F67DAC89E6B2.d.E15F9D101CAB1017036813B1F682567C.e.5/click
[0-5] 2026-05-04T11:55:32.517Z INFO webdriver: DATA {}
[0-5] 2026-05-04T11:55:32.570Z INFO webdriver: RESULT null
[0-5] 2026-05-04T11:55:32.570Z INFO webdriver: COMMAND getWindowHandles()
[0-5] 2026-05-04T11:55:32.571Z INFO webdriver: [GET] http://127.0.0.1:4444/session/1b273463339efd1f691d1a6803576d60/window/handles
[0-5] 2026-05-04T11:55:32.577Z INFO webdriver: RESULT [
[0-5]   'E0740F954B0CD540731BD9A5F491BF55',
[0-5]   'D7CE605CD07273248C64F67DAC89E6B2'
[0-5] ]
[0-5] 2026-05-04T11:55:32.672Z INFO webdriver: COMMAND getWindowHandles()
[0-5] 2026-05-04T11:55:32.672Z INFO webdriver: [GET] http://127.0.0.1:4444/session/1b273463339efd1f691d1a6803576d60/window/handles
[0-5] 2026-05-04T11:55:32.675Z INFO webdriver: RESULT [ 'E0740F954B0CD540731BD9A5F491BF55' ]
[0-5] 2026-05-04T11:55:32.675Z INFO webdriver: COMMAND getWindowHandles()
[0-5] 2026-05-04T11:55:32.675Z INFO webdriver: [GET] http://127.0.0.1:4444/session/1b273463339efd1f691d1a6803576d60/window/handles
[0-5] 2026-05-04T11:55:32.677Z INFO webdriver: RESULT [ 'E0740F954B0CD540731BD9A5F491BF55' ]
[0-5] 2026-05-04T11:55:32.677Z INFO webdriver: COMMAND switchToWindow("E0740F954B0CD540731BD9A5F491BF55")
[0-5] 2026-05-04T11:55:32.677Z INFO webdriver: [POST] http://127.0.0.1:4444/session/1b273463339efd1f691d1a6803576d60/window
[0-5] 2026-05-04T11:55:32.677Z INFO webdriver: DATA {"handle":"E0740F954B0CD540731BD9A5F491BF55"}
[0-5] 2026-05-04T11:55:32.680Z INFO webdriver: RESULT null
[0-5] 2026-05-04T11:55:32.680Z INFO webdriver: COMMAND executeAsyncScript(<fn>, <object>)
[0-5] 2026-05-04T11:55:32.680Z INFO webdriver: [POST] http://127.0.0.1:4444/session/1b273463339efd1f691d1a6803576d60/execute/async
[0-5] 2026-05-04T11:55:32.681Z INFO webdriver: DATA {"script":"\n            function webdriverioPolyfill() {\n  var __defProp = Object.defineProperty;\n  var __name = function(target, _value) {\n    return __defProp(target, \"name\", { value: _value, configurable: true });\n  };\n  var __globalThis = typeof globalThis === \"object\" && globalThis || typeof window === \"object\" && window;\n  __globalThis.__name = __name;\n}\n            webdriverioPolyfill()\n            return ((c, a, done) => {\r\n      window.__TAURI_INTERNALS__\r\n        .invoke(c, a)\r\n        .then((r) => done({ ok: true, value: r }))\r\n        .catch((e) => done({ ok: false, error: String(e) }));\r\n    }).apply(null, arguments)\n        ","args":["read_note",{"contextId":null,"noteId":"78e07d29-e1ba-44ca-80f5-3dabde956f36"}]}
[0-5] 2026-05-04T11:55:32.687Z INFO webdriver: RESULT {
[0-5]   ok: true,
[0-5]   value: {
[0-5]     content: '# Untitled\nPERSIST-1777895732424',
[0-5]     contextId: null,
[0-5]     id: '78e07d29-e1ba-44ca-80f5-3dabde956f36',
[0-5]     settings: {
[0-5]       fontSize: 14,
[0-5]       hotkey: null,
[0-5]       opacity: 1,
[0-5]       passthrough: false,
[0-5]       windowBounds: null
[0-5]     },
[0-5]     title: 'Untitled'
[0-5]   }
[0-5] }
[0-5] 2026-05-04T11:55:32.689Z INFO webdriver: COMMAND getWindowHandles()
[0-5] 2026-05-04T11:55:32.689Z INFO webdriver: [GET] http://127.0.0.1:4444/session/1b273463339efd1f691d1a6803576d60/window/handles
[0-5] 2026-05-04T11:55:32.691Z INFO webdriver: RESULT [ 'E0740F954B0CD540731BD9A5F491BF55' ]
[0-5] 2026-05-04T11:55:32.691Z INFO webdriver: COMMAND switchToWindow("E0740F954B0CD540731BD9A5F491BF55")
[0-5] 2026-05-04T11:55:32.691Z INFO webdriver: [POST] http://127.0.0.1:4444/session/1b273463339efd1f691d1a6803576d60/window
[0-5] 2026-05-04T11:55:32.691Z INFO webdriver: DATA {"handle":"E0740F954B0CD540731BD9A5F491BF55"}
[0-5] 2026-05-04T11:55:32.693Z INFO webdriver: RESULT null
[0-5] 2026-05-04T11:55:32.693Z INFO webdriver: COMMAND executeAsyncScript(<fn>, <object>)
[0-5] 2026-05-04T11:55:32.694Z INFO webdriver: [POST] http://127.0.0.1:4444/session/1b273463339efd1f691d1a6803576d60/execute/async
[0-5] 2026-05-04T11:55:32.694Z INFO webdriver: DATA {"script":"\n            function webdriverioPolyfill() {\n  var __defProp = Object.defineProperty;\n  var __name = function(target, _value) {\n    return __defProp(target, \"name\", { value: _value, configurable: true });\n  };\n  var __globalThis = typeof globalThis === \"object\" && globalThis || typeof window === \"object\" && window;\n  __globalThis.__name = __name;\n}\n            webdriverioPolyfill()\n            return ((c, a, done) => {\r\n      window.__TAURI_INTERNALS__\r\n        .invoke(c, a)\r\n        .then((r) => done({ ok: true, value: r }))\r\n        .catch((e) => done({ ok: false, error: String(e) }));\r\n    }).apply(null, arguments)\n        ","args":["create_note",{"contextId":null,"title":"Markdown render 測試"}]}
[0-5] 2026-05-04T11:55:32.701Z INFO webdriver: RESULT {
[0-5]   ok: true,
[0-5]   value: {
[0-5]     content: '',
[0-5]     contextId: null,
[0-5]     id: '9ff041ac-68fc-40e4-a4af-f06b62148dda',
[0-5]     settings: {
[0-5]       fontSize: 14,
[0-5]       hotkey: null,
[0-5]       opacity: 1,
[0-5]       passthrough: false,
[0-5]       windowBounds: null
[0-5]     },
[0-5]     title: 'Markdown render 測試'
[0-5]   }
[0-5] }
[0-5] 2026-05-04T11:55:32.701Z INFO webdriver: COMMAND executeAsyncScript(<fn>, <object>)
[0-5] 2026-05-04T11:55:32.701Z INFO webdriver: [POST] http://127.0.0.1:4444/session/1b273463339efd1f691d1a6803576d60/execute/async
[0-5] 2026-05-04T11:55:32.702Z INFO webdriver: DATA {"script":"\n            function webdriverioPolyfill() {\n  var __defProp = Object.defineProperty;\n  var __name = function(target, _value) {\n    return __defProp(target, \"name\", { value: _value, configurable: true });\n  };\n  var __globalThis = typeof globalThis === \"object\" && globalThis || typeof window === \"object\" && window;\n  __globalThis.__name = __name;\n}\n            webdriverioPolyfill()\n            return ((c, a, done) => {\r\n      window.__TAURI_INTERNALS__\r\n        .invoke(c, a)\r\n        .then((r) => done({ ok: true, value: r }))\r\n        .catch((e) => done({ ok: false, error: String(e) }));\r\n    }).apply(null, arguments)\n        ","args":["save_content",{"contextId":null,"noteId":"9ff041ac-68fc-40e4-a4af-f06b62148dda","content":"intro paragraph\n\n## Sub heading\n\n**bold** *italic* text"}]}
[0-5] 2026-05-04T11:55:32.710Z INFO webdriver: RESULT { ok: true, value: null }
[0-5] 2026-05-04T11:55:32.711Z INFO webdriver: COMMAND getWindowHandles()
[0-5] 2026-05-04T11:55:32.711Z INFO webdriver: [GET] http://127.0.0.1:4444/session/1b273463339efd1f691d1a6803576d60/window/handles
[0-5] 2026-05-04T11:55:32.712Z INFO webdriver: RESULT [ 'E0740F954B0CD540731BD9A5F491BF55' ]
[0-5] 2026-05-04T11:55:32.712Z INFO webdriver: COMMAND executeAsyncScript(<fn>, <object>)
[0-5] 2026-05-04T11:55:32.713Z INFO webdriver: [POST] http://127.0.0.1:4444/session/1b273463339efd1f691d1a6803576d60/execute/async
[0-5] 2026-05-04T11:55:32.713Z INFO webdriver: DATA {"script":"\n            function webdriverioPolyfill() {\n  var __defProp = Object.defineProperty;\n  var __name = function(target, _value) {\n    return __defProp(target, \"name\", { value: _value, configurable: true });\n  };\n  var __globalThis = typeof globalThis === \"object\" && globalThis || typeof window === \"object\" && window;\n  __globalThis.__name = __name;\n}\n            webdriverioPolyfill()\n            return ((c, a, done) => {\r\n      window.__TAURI_INTERNALS__\r\n        .invoke(c, a)\r\n        .then((r) => done({ ok: true, value: r }))\r\n        .catch((e) => done({ ok: false, error: String(e) }));\r\n    }).apply(null, arguments)\n        ","args":["cmd_open_note_window",{"noteId":"9ff041ac-68fc-40e4-a4af-f06b62148dda","contextId":null}]}
[0-5] 2026-05-04T11:55:32.858Z INFO webdriver: RESULT { ok: true, value: null }
[0-5] 2026-05-04T11:55:32.858Z INFO webdriver: COMMAND getWindowHandles()
[0-5] 2026-05-04T11:55:32.859Z INFO webdriver: [GET] http://127.0.0.1:4444/session/1b273463339efd1f691d1a6803576d60/window/handles
[0-5] 2026-05-04T11:55:32.880Z INFO webdriver: RESULT [
[0-5]   'E0740F954B0CD540731BD9A5F491BF55',
[0-5]   'C0425B92862004BC6B7F42C1347F520F'
[0-5] ]
[0-5] 2026-05-04T11:55:32.881Z INFO webdriver: COMMAND getWindowHandles()
[0-5] 2026-05-04T11:55:32.881Z INFO webdriver: [GET] http://127.0.0.1:4444/session/1b273463339efd1f691d1a6803576d60/window/handles
[0-5] 2026-05-04T11:55:32.883Z INFO webdriver: RESULT [
[0-5]   'E0740F954B0CD540731BD9A5F491BF55',
[0-5]   'C0425B92862004BC6B7F42C1347F520F'
[0-5] ]
[0-5] 2026-05-04T11:55:32.883Z INFO webdriver: COMMAND switchToWindow("C0425B92862004BC6B7F42C1347F520F")
[0-5] 2026-05-04T11:55:32.883Z INFO webdriver: [POST] http://127.0.0.1:4444/session/1b273463339efd1f691d1a6803576d60/window
[0-5] 2026-05-04T11:55:32.883Z INFO webdriver: DATA {"handle":"C0425B92862004BC6B7F42C1347F520F"}
[0-5] 2026-05-04T11:55:32.886Z INFO webdriver: RESULT null
[0-5] 2026-05-04T11:55:32.887Z INFO webdriver: COMMAND executeScript(<fn>, <object>)
[0-5] 2026-05-04T11:55:32.887Z INFO webdriver: [POST] http://127.0.0.1:4444/session/1b273463339efd1f691d1a6803576d60/execute/sync
[0-5] 2026-05-04T11:55:32.887Z INFO webdriver: DATA {"script":"\n            function webdriverioPolyfill() {\n  var __defProp = Object.defineProperty;\n  var __name = function(target, _value) {\n    return __defProp(target, \"name\", { value: _value, configurable: true });\n  };\n  var __globalThis = typeof globalThis === \"object\" && globalThis || typeof window === \"object\" && window;\n  __globalThis.__name = __name;\n}\n            webdriverioPolyfill();\n            return (() => !!(window).__waypointTiptapEditor).apply(null, arguments)\n        ","args":[]}
[0-5] 2026-05-04T11:55:32.895Z INFO webdriver: RESULT false
[0-5] 2026-05-04T11:55:32.987Z INFO webdriver: COMMAND executeScript(<fn>, <object>)
[0-5] 2026-05-04T11:55:32.987Z INFO webdriver: [POST] http://127.0.0.1:4444/session/1b273463339efd1f691d1a6803576d60/execute/sync
[0-5] 2026-05-04T11:55:32.987Z INFO webdriver: DATA {"script":"\n            function webdriverioPolyfill() {\n  var __defProp = Object.defineProperty;\n  var __name = function(target, _value) {\n    return __defProp(target, \"name\", { value: _value, configurable: true });\n  };\n  var __globalThis = typeof globalThis === \"object\" && globalThis || typeof window === \"object\" && window;\n  __globalThis.__name = __name;\n}\n            webdriverioPolyfill();\n            return (() => !!(window).__waypointTiptapEditor).apply(null, arguments)\n        ","args":[]}
[0-5] 2026-05-04T11:55:33.080Z INFO webdriver: RESULT true
[0-5] 2026-05-04T11:55:33.081Z INFO webdriver: COMMAND findElement("css selector", ".tiptap-editor")
[0-5] 2026-05-04T11:55:33.081Z INFO webdriver: [POST] http://127.0.0.1:4444/session/1b273463339efd1f691d1a6803576d60/element
[0-5] 2026-05-04T11:55:33.081Z INFO webdriver: DATA {"using":"css selector","value":".tiptap-editor"}
[0-5] 2026-05-04T11:55:33.091Z INFO webdriver: RESULT {
[0-5]   'element-6066-11e4-a52e-4f735466cecf': 'f.C0425B92862004BC6B7F42C1347F520F.d.3038FE8FF6493401C50FC16C1D406B0C.e.4'
[0-5] }
[0-5] 2026-05-04T11:55:33.094Z INFO webdriver: COMMAND executeScript(<fn>, <object>)
[0-5] 2026-05-04T11:55:33.095Z INFO webdriver: [POST] http://127.0.0.1:4444/session/1b273463339efd1f691d1a6803576d60/execute/sync
[0-5] 2026-05-04T11:55:33.095Z INFO webdriver: DATA {"script":"\n            function webdriverioPolyfill() {\n  var __defProp = Object.defineProperty;\n  var __name = function(target, _value) {\n    return __defProp(target, \"name\", { value: _value, configurable: true });\n  };\n  var __globalThis = typeof globalThis === \"object\" && globalThis || typeof window === \"object\" && window;\n  __globalThis.__name = __name;\n}\n            webdriverioPolyfill();\n            return (function getHTML(element, includeSelectorTag) {\n  return element[includeSelectorTag ? \"outerHTML\" : \"innerHTML\"];\n}).apply(null, arguments)\n        ","args":[{"element-6066-11e4-a52e-4f735466cecf":"f.C0425B92862004BC6B7F42C1347F520F.d.3038FE8FF6493401C50FC16C1D406B0C.e.4","ELEMENT":"f.C0425B92862004BC6B7F42C1347F520F.d.3038FE8FF6493401C50FC16C1D406B0C.e.4"},true]}
[0-5] 2026-05-04T11:55:33.101Z INFO webdriver: RESULT <div contenteditable="true" role="textbox" translate="no" class="tiptap ProseMirror tiptap-editor" tabindex="0" style="font-size: 14px;"><p>intro paragraph</p><h2>Sub heading</h2><p><strong>bold</strong> <em>italic</em> text</p></div>
[0-5] 2026-05-04T11:55:33.105Z INFO webdriver: COMMAND deleteSession()
[0-5] 2026-05-04T11:55:33.105Z INFO webdriver: [DELETE] http://127.0.0.1:4444/session/1b273463339efd1f691d1a6803576d60
[0-5] 2026-05-04T11:55:33.140Z INFO webdriver: RESULT null
[0-5] PASSED in undefined - file:///D:/a/waypoint/waypoint/waypoint/e2e/specs/note-content-persistence.spec.js
2026-05-04T11:55:33.286Z INFO @wdio/cli:launcher: Run onWorkerEnd hook
2026-05-04T11:55:33.287Z INFO @wdio/cli:launcher: Run onWorkerStart hook
2026-05-04T11:55:33.290Z INFO @wdio/local-runner: Start worker 0-6 with arg: run e2e/wdio.conf.js
2026-05-04T11:55:33.321Z INFO @wdio/xvfb:ProcessFactory: xvfb-run not found, falling back to regular fork
2026-05-04T11:55:33.321Z INFO @wdio/xvfb:ProcessFactory: ProcessFactory: shouldRun=false, isAvailable=false
2026-05-04T11:55:33.321Z INFO @wdio/xvfb:ProcessFactory: Creating worker process with regular fork
[0-6] 2026-05-04T11:55:34.749Z INFO @wdio/local-runner: Run worker command: run
[0-6] RUNNING in undefined - file:///D:/a/waypoint/waypoint/waypoint/e2e/specs/note-deletion.spec.js
[0-6] 2026-05-04T11:55:35.157Z INFO webdriver: Initiate new session using the WebDriver protocol
[0-6] 2026-05-04T11:55:35.158Z INFO @wdio/utils: Connecting to existing driver at http://127.0.0.1:4444/
[0-6] 2026-05-04T11:55:35.170Z INFO webdriver: [POST] http://127.0.0.1:4444/session
[0-6] 2026-05-04T11:55:35.890Z INFO webdriver: COMMAND getWindowHandle()
[0-6] 2026-05-04T11:55:35.890Z INFO webdriver: [GET] http://127.0.0.1:4444/session/8e174128da991e4374bf6b277e4a42b5/window
[0-6] 2026-05-04T11:55:35.896Z INFO webdriver: RESULT 6D2F36664415F62B1E1507F5299B92FB
[0-6] 2026-05-04T11:55:35.905Z INFO webdriver: COMMAND getPageSource()
[0-6] 2026-05-04T11:55:35.905Z INFO webdriver: [GET] http://127.0.0.1:4444/session/8e174128da991e4374bf6b277e4a42b5/source
[0-6] 2026-05-04T11:55:36.011Z INFO webdriver: RESULT <html lang="en"><head>
[0-6]     <meta charset="utf-8">
[0-6]     <link rel="icon" href="http://tauri.localhost/favicon.png">
[0-6]     <meta name="viewport" content="width=device-width, initial-scale=1">
[0-6]     <title>Waypoint</title>
[0-6]     <link href="/_app/immutable/entry/start.CkYLcQaC.js" rel="modulepreload">
[0-6] 		<link href="/_app/immutable/chunks/xMTTk29t.js" rel="modulepreload">
[0-6] 		<link href="/_app/immutable/chunks/BrvQaNFF.js" rel="modulepreload">
[0-6] 		<link href="/_app/immutable/chunks/DwxfgNgC.js" rel="modulepreload">
[0-6] 		<link href="/_app/immutable/entry/app.BpDh7PSE.js" rel="modulepreload">
[0-6] 		<link href="/_app/immutable/chunks/CXr6ktTA.js" rel="modulepreload">
[0-6] 		<link href="/_app/immutable/chunks/D9elXV-C.js" rel="modulepreload">
[0-6] 		<link href="/_app/immutable/chunks/DnwWQDu8.js" rel="modulepreload">
[0-6] 		
[0-6]   <link rel="modulepreload" as="script" crossorigin="" href="http://tauri.localhost/_app/immutable/nodes/0.D7mbmQ2z.js"><link rel="modulepreload" as="script" crossorigin="" href="http://tauri.localhost/_app/immutable/chunks/C9OVhmEN.js"><link rel="stylesheet" crossorigin="" href="http://tauri.localhost/_app/immutable/assets/0.CkmnEqie.css"><link rel="modulepreload" as="script" crossorigin="" href="http://tauri.localhost/_app/immutable/nodes/1.BgVLJEVI.js"><link rel="modulepreload" as="script" crossorigin="" href="http://tauri.localhost/_app/immutable/nodes/2.hMicA2SK.js"><link rel="stylesheet" crossorigin="" href="http://tauri.localhost/_app/immutable/assets/2.D-ylHd_F.css"></head>
[0-6]   <!-- background 直接寫在 body，確保 JS 載入前不顯示白屏 -->
[0-6]   <body data-sveltekit-preload-data="hover" style="background:#1e1e1e;color:#cccccc">
[0-6]     <div style="display: contents">
[0-6] 			<script>
[0-6] 				{
[0-6] 					__sveltekit_1wk6xy5 = {
[0-6] 						base: ""
[0-6] 					};
[0-6] 
[0-6] 					const element = document.currentScript.parentElement;
[0-6] 
[0-6] 					Promise.all([
[0-6] 						import("/_app/immutable/entry/start.CkYLcQaC.js"),
[0-6] 						import("/_app/immutable/entry/app.BpDh7PSE.js")
[0-6] 					]).then(([kit, app]) => {
[0-6] 						kit.start(app, element);
[0-6] 					});
[0-6] 				}
[0-6] 			</script>
[0-6] 		<!----><!----><!----><!----><!----><div class="list-window svelte-701jsl"><div class="draggable-titlebar titlebar svelte-5wg0lt" data-tauri-drag-region=""><div class="titlebar-left svelte-701jsl" data-tauri-drag-region=""><span class="app-name svelte-701jsl" data-tauri-drag-region="">WAYPOINT</span> <button class="icon-btn svelte-701jsl" title="使用說明">?</button></div> <div class="titlebar-right svelte-701jsl"><button class="icon-btn svelte-701jsl" title="設定">⚙</button> <button class="icon-btn svelte-701jsl" title="收起全部">⇊</button> <button class="icon-btn svelte-701jsl" title="最小化列表">—</button> <button class="icon-btn svelte-701jsl" title="結束 Waypoint">✕</button></div><!----></div><!----> <div class="list-body svelte-701jsl"><div class="section svelte-1hchbgo"><div class="section-header svelte-1hchbgo"><span class="section-label">🌐 全域筆記</span> <button class="add-btn svelte-1hchbgo" title="新增全域筆記">+</button></div> <!----><div role="button" tabindex="0" class="note-item svelte-1mz4n7r" draggable="true" data-note-id="45310885-35e0-4080-a4b1-1331f2c37da1" title="Untitled"><span class="icon svelte-1mz4n7r">📄</span> <span class="title svelte-1mz4n7r">Untitled</span></div><!----> <!----> <!----><!----><div role="button" tabindex="0" class="note-item svelte-1mz4n7r" draggable="true" data-note-id="78e07d29-e1ba-44ca-80f5-3dabde956f36" title="Untitled"><span class="icon svelte-1mz4n7r">📄</span> <span class="title svelte-1mz4n7r">Untitled</span></div><!----> <!----> <!----><!----><div role="button" tabindex="0" class="note-item svelte-1mz4n7r" draggable="true" data-note-id="86dac50f-d896-42c4-826e-913773347c5d" title="Untitled"><span class="icon svelte-1mz4n7r">📄</span> <span class="title svelte-1mz4n7r">Untitled</span></div><!----> <!----> <!----><!----><div role="button" tabindex="0" class="note-item svelte-1mz4n7r" draggable="true" data-note-id="9ff041ac-68fc-40e4-a4af-f06b62148dda" title="Untitled"><span class="icon svelte-1mz4n7r">📄</span> <span class="title svelte-1mz4n7r">Untitled</span></div><!----> <!----> <!----><!----><div role="button" tabindex="0" class="note-item svelte-1mz4n7r" draggable="true" data-note-id="c7752d54-07de-4603-9448-84476eca5adf" title="Untitled"><span class="icon svelte-1mz4n7r">📄</span> <span class="title svelte-1mz4n7r">Untitled</span></div><!----> <!----> <!----><!----><div role="button" tabindex="0" class="note-item svelte-1mz4n7r" draggable="true" data-note-id="f8312207-0a86-4dff-831c-80ea521bbedd" title="Untitled"><span class="icon svelte-1mz4n7r">📄</span> <span class="title svelte-1mz4n7r">Untitled</span></div><!----> <!----> <!----><!----></div><!----> <div class="divider"></div> <!----></div></div><!----> <div id="svelte-announcer" aria-live="assertive" aria-atomic="true" style="position: absolute; left: 0; top: 0; clip: rect(0 0 0 0); clip-path: inset(50%); overflow: hidden; white-space: nowrap; width: 1px; height: 1px"><!----></div><!----></div>
[0-6]   
[0-6] 
[0-6] </body></html>
[0-6] 2026-05-04T11:55:36.013Z INFO webdriver: COMMAND executeScript(<fn>, <object>)
[0-6] 2026-05-04T11:55:36.014Z INFO webdriver: [POST] http://127.0.0.1:4444/session/8e174128da991e4374bf6b277e4a42b5/execute/sync
[0-6] 2026-05-04T11:55:36.014Z INFO webdriver: DATA {"script":"\n            function webdriverioPolyfill() {\n  var __defProp = Object.defineProperty;\n  var __name = function(target, _value) {\n    return __defProp(target, \"name\", { value: _value, configurable: true });\n  };\n  var __globalThis = typeof globalThis === \"object\" && globalThis || typeof window === \"object\" && window;\n  __globalThis.__name = __name;\n}\n            webdriverioPolyfill();\n            return (() => typeof window.__TAURI_INTERNALS__?.invoke === \"function\").apply(null, arguments)\n        ","args":[]}
[0-6] 2026-05-04T11:55:36.032Z INFO webdriver: RESULT true
[0-6] 2026-05-04T11:55:36.035Z INFO webdriver: COMMAND getWindowHandles()
[0-6] 2026-05-04T11:55:36.035Z INFO webdriver: [GET] http://127.0.0.1:4444/session/8e174128da991e4374bf6b277e4a42b5/window/handles
[0-6] 2026-05-04T11:55:36.038Z INFO webdriver: RESULT [ '6D2F36664415F62B1E1507F5299B92FB' ]
[0-6] 2026-05-04T11:55:36.039Z INFO webdriver: COMMAND switchToWindow("6D2F36664415F62B1E1507F5299B92FB")
[0-6] 2026-05-04T11:55:36.040Z INFO webdriver: [POST] http://127.0.0.1:4444/session/8e174128da991e4374bf6b277e4a42b5/window
[0-6] 2026-05-04T11:55:36.040Z INFO webdriver: DATA {"handle":"6D2F36664415F62B1E1507F5299B92FB"}
[0-6] 2026-05-04T11:55:36.043Z INFO webdriver: RESULT null
[0-6] 2026-05-04T11:55:36.043Z INFO webdriver: COMMAND executeAsyncScript(<fn>, <object>)
[0-6] 2026-05-04T11:55:36.044Z INFO webdriver: [POST] http://127.0.0.1:4444/session/8e174128da991e4374bf6b277e4a42b5/execute/async
[0-6] 2026-05-04T11:55:36.044Z INFO webdriver: DATA {"script":"\n            function webdriverioPolyfill() {\n  var __defProp = Object.defineProperty;\n  var __name = function(target, _value) {\n    return __defProp(target, \"name\", { value: _value, configurable: true });\n  };\n  var __globalThis = typeof globalThis === \"object\" && globalThis || typeof window === \"object\" && window;\n  __globalThis.__name = __name;\n}\n            webdriverioPolyfill()\n            return ((c, a, done) => {\r\n      window.__TAURI_INTERNALS__\r\n        .invoke(c, a)\r\n        .then((r) => done({ ok: true, value: r }))\r\n        .catch((e) => done({ ok: false, error: String(e) }));\r\n    }).apply(null, arguments)\n        ","args":["create_note",{"contextId":null,"title":"TestDelFromList"}]}
[0-6] 2026-05-04T11:55:36.052Z INFO webdriver: RESULT {
[0-6]   ok: true,
[0-6]   value: {
[0-6]     content: '',
[0-6]     contextId: null,
[0-6]     id: '5ce188cc-e808-4890-8a8a-d21a78ec5e69',
[0-6]     settings: {
[0-6]       fontSize: 14,
[0-6]       hotkey: null,
[0-6]       opacity: 1,
[0-6]       passthrough: false,
[0-6]       windowBounds: null
[0-6]     },
[0-6]     title: 'TestDelFromList'
[0-6]   }
[0-6] }
[0-6] 2026-05-04T11:55:36.053Z INFO webdriver: COMMAND getWindowHandles()
[0-6] 2026-05-04T11:55:36.053Z INFO webdriver: [GET] http://127.0.0.1:4444/session/8e174128da991e4374bf6b277e4a42b5/window/handles
[0-6] 2026-05-04T11:55:36.055Z INFO webdriver: RESULT [ '6D2F36664415F62B1E1507F5299B92FB' ]
[0-6] 2026-05-04T11:55:36.055Z INFO webdriver: COMMAND executeAsyncScript(<fn>, <object>)
[0-6] 2026-05-04T11:55:36.056Z INFO webdriver: [POST] http://127.0.0.1:4444/session/8e174128da991e4374bf6b277e4a42b5/execute/async
[0-6] 2026-05-04T11:55:36.056Z INFO webdriver: DATA {"script":"\n            function webdriverioPolyfill() {\n  var __defProp = Object.defineProperty;\n  var __name = function(target, _value) {\n    return __defProp(target, \"name\", { value: _value, configurable: true });\n  };\n  var __globalThis = typeof globalThis === \"object\" && globalThis || typeof window === \"object\" && window;\n  __globalThis.__name = __name;\n}\n            webdriverioPolyfill()\n            return ((c, a, done) => {\r\n      window.__TAURI_INTERNALS__\r\n        .invoke(c, a)\r\n        .then((r) => done({ ok: true, value: r }))\r\n        .catch((e) => done({ ok: false, error: String(e) }));\r\n    }).apply(null, arguments)\n        ","args":["cmd_open_note_window",{"noteId":"5ce188cc-e808-4890-8a8a-d21a78ec5e69","contextId":null}]}
[0-6] 2026-05-04T11:55:36.203Z INFO webdriver: RESULT { ok: true, value: null }
[0-6] 2026-05-04T11:55:36.205Z INFO webdriver: COMMAND getWindowHandles()
[0-6] 2026-05-04T11:55:36.205Z INFO webdriver: [GET] http://127.0.0.1:4444/session/8e174128da991e4374bf6b277e4a42b5/window/handles
[0-6] 2026-05-04T11:55:36.215Z INFO webdriver: RESULT [
[0-6]   '6D2F36664415F62B1E1507F5299B92FB',
[0-6]   '497D8CD87336EE08DE33B75B6AFCA49A'
[0-6] ]
[0-6] 2026-05-04T11:55:36.216Z INFO webdriver: COMMAND getWindowHandles()
[0-6] 2026-05-04T11:55:36.217Z INFO webdriver: [GET] http://127.0.0.1:4444/session/8e174128da991e4374bf6b277e4a42b5/window/handles
[0-6] 2026-05-04T11:55:36.222Z INFO webdriver: RESULT [
[0-6]   '6D2F36664415F62B1E1507F5299B92FB',
[0-6]   '497D8CD87336EE08DE33B75B6AFCA49A'
[0-6] ]
[0-6] 2026-05-04T11:55:36.222Z INFO webdriver: COMMAND switchToWindow("497D8CD87336EE08DE33B75B6AFCA49A")
[0-6] 2026-05-04T11:55:36.223Z INFO webdriver: [POST] http://127.0.0.1:4444/session/8e174128da991e4374bf6b277e4a42b5/window
[0-6] 2026-05-04T11:55:36.223Z INFO webdriver: DATA {"handle":"497D8CD87336EE08DE33B75B6AFCA49A"}
[0-6] 2026-05-04T11:55:36.233Z INFO webdriver: RESULT null
[0-6] 2026-05-04T11:55:36.233Z INFO webdriver: COMMAND getWindowHandles()
[0-6] 2026-05-04T11:55:36.233Z INFO webdriver: [GET] http://127.0.0.1:4444/session/8e174128da991e4374bf6b277e4a42b5/window/handles
[0-6] 2026-05-04T11:55:36.236Z INFO webdriver: RESULT [
[0-6]   '6D2F36664415F62B1E1507F5299B92FB',
[0-6]   '497D8CD87336EE08DE33B75B6AFCA49A'
[0-6] ]
[0-6] 2026-05-04T11:55:36.236Z INFO webdriver: COMMAND switchToWindow("6D2F36664415F62B1E1507F5299B92FB")
[0-6] 2026-05-04T11:55:36.236Z INFO webdriver: [POST] http://127.0.0.1:4444/session/8e174128da991e4374bf6b277e4a42b5/window
[0-6] 2026-05-04T11:55:36.236Z INFO webdriver: DATA {"handle":"6D2F36664415F62B1E1507F5299B92FB"}
[0-6] 2026-05-04T11:55:36.239Z INFO webdriver: RESULT null
[0-6] 2026-05-04T11:55:36.240Z INFO webdriver: COMMAND executeAsyncScript(<fn>, <object>)
[0-6] 2026-05-04T11:55:36.240Z INFO webdriver: [POST] http://127.0.0.1:4444/session/8e174128da991e4374bf6b277e4a42b5/execute/async
[0-6] 2026-05-04T11:55:36.240Z INFO webdriver: DATA {"script":"\n            function webdriverioPolyfill() {\n  var __defProp = Object.defineProperty;\n  var __name = function(target, _value) {\n    return __defProp(target, \"name\", { value: _value, configurable: true });\n  };\n  var __globalThis = typeof globalThis === \"object\" && globalThis || typeof window === \"object\" && window;\n  __globalThis.__name = __name;\n}\n            webdriverioPolyfill()\n            return ((c, a, done) => {\r\n      window.__TAURI_INTERNALS__\r\n        .invoke(c, a)\r\n        .then((r) => done({ ok: true, value: r }))\r\n        .catch((e) => done({ ok: false, error: String(e) }));\r\n    }).apply(null, arguments)\n        ","args":["delete_note",{"contextId":null,"noteId":"5ce188cc-e808-4890-8a8a-d21a78ec5e69"}]}
[0-6] 2026-05-04T11:55:36.255Z INFO webdriver: RESULT { ok: true, value: null }
[0-6] 2026-05-04T11:55:36.257Z INFO webdriver: COMMAND getWindowHandles()
[0-6] 2026-05-04T11:55:36.258Z INFO webdriver: [GET] http://127.0.0.1:4444/session/8e174128da991e4374bf6b277e4a42b5/window/handles
[0-6] 2026-05-04T11:55:36.263Z INFO webdriver: RESULT [
[0-6]   '6D2F36664415F62B1E1507F5299B92FB',
[0-6]   '497D8CD87336EE08DE33B75B6AFCA49A'
[0-6] ]
[0-6] 2026-05-04T11:55:36.361Z INFO webdriver: COMMAND getWindowHandles()
[0-6] 2026-05-04T11:55:36.361Z INFO webdriver: [GET] http://127.0.0.1:4444/session/8e174128da991e4374bf6b277e4a42b5/window/handles
[0-6] 2026-05-04T11:55:36.364Z INFO webdriver: RESULT [ '6D2F36664415F62B1E1507F5299B92FB' ]
[0-6] 2026-05-04T11:55:36.364Z INFO webdriver: COMMAND executeAsyncScript(<fn>, <object>)
[0-6] 2026-05-04T11:55:36.364Z INFO webdriver: [POST] http://127.0.0.1:4444/session/8e174128da991e4374bf6b277e4a42b5/execute/async
[0-6] 2026-05-04T11:55:36.365Z INFO webdriver: DATA {"script":"\n            function webdriverioPolyfill() {\n  var __defProp = Object.defineProperty;\n  var __name = function(target, _value) {\n    return __defProp(target, \"name\", { value: _value, configurable: true });\n  };\n  var __globalThis = typeof globalThis === \"object\" && globalThis || typeof window === \"object\" && window;\n  __globalThis.__name = __name;\n}\n            webdriverioPolyfill()\n            return ((c, a, done) => {\r\n      window.__TAURI_INTERNALS__\r\n        .invoke(c, a)\r\n        .then((r) => done({ ok: true, value: r }))\r\n        .catch((e) => done({ ok: false, error: String(e) }));\r\n    }).apply(null, arguments)\n        ","args":["list_notes",{"contextId":null}]}
[0-6] 2026-05-04T11:55:36.373Z INFO webdriver: RESULT {
[0-6]   ok: true,
[0-6]   value: [
[0-6]     {
[0-6]       content: '',
[0-6]       contextId: null,
[0-6]       id: '45310885-35e0-4080-a4b1-1331f2c37da1',
[0-6]       settings: [Object],
[0-6]       title: 'Untitled'
[0-6]     },
[0-6]     {
[0-6]       content: '# Untitled\nPERSIST-1777895732424',
[0-6]       contextId: null,
[0-6]       id: '78e07d29-e1ba-44ca-80f5-3dabde956f36',
[0-6]       settings: [Object],
[0-6]       title: 'Untitled'
[0-6]     },
[0-6]     {
[0-6]       content: '',
[0-6]       contextId: null,
[0-6]       id: '86dac50f-d896-42c4-826e-913773347c5d',
[0-6]       settings: [Object],
[0-6]       title: 'Untitled'
[0-6]     },
[0-6]     {
[0-6]       content: 'intro paragraph\n\n## Sub heading\n\n**bold** *italic* text',
[0-6]       contextId: null,
[0-6]       id: '9ff041ac-68fc-40e4-a4af-f06b62148dda',
[0-6]       settings: [Object],
[0-6]       title: 'Untitled'
[0-6]     },
[0-6]     {
[0-6]       content: '',
[0-6]       contextId: null,
[0-6]       id: 'c7752d54-07de-4603-9448-84476eca5adf',
[0-6]       settings: [Object],
[0-6]       title: 'Untitled'
[0-6]     },
[0-6]     {
[0-6]       content: '# Untitled\n',
[0-6]       contextId: null,
[0-6]       id: 'f8312207-0a86-4dff-831c-80ea521bbedd',
[0-6]       settings: [Object],
[0-6]       title: 'Untitled'
[0-6]     }
[0-6]   ]
[0-6] }
[0-6] 2026-05-04T11:55:36.375Z INFO webdriver: COMMAND getWindowHandles()
[0-6] 2026-05-04T11:55:36.375Z INFO webdriver: [GET] http://127.0.0.1:4444/session/8e174128da991e4374bf6b277e4a42b5/window/handles
[0-6] 2026-05-04T11:55:36.378Z INFO webdriver: RESULT [ '6D2F36664415F62B1E1507F5299B92FB' ]
[0-6] 2026-05-04T11:55:36.378Z INFO webdriver: COMMAND switchToWindow("6D2F36664415F62B1E1507F5299B92FB")
[0-6] 2026-05-04T11:55:36.379Z INFO webdriver: [POST] http://127.0.0.1:4444/session/8e174128da991e4374bf6b277e4a42b5/window
[0-6] 2026-05-04T11:55:36.379Z INFO webdriver: DATA {"handle":"6D2F36664415F62B1E1507F5299B92FB"}
[0-6] 2026-05-04T11:55:36.394Z INFO webdriver: RESULT null
[0-6] 2026-05-04T11:55:36.394Z INFO webdriver: COMMAND executeAsyncScript(<fn>, <object>)
[0-6] 2026-05-04T11:55:36.395Z INFO webdriver: [POST] http://127.0.0.1:4444/session/8e174128da991e4374bf6b277e4a42b5/execute/async
[0-6] 2026-05-04T11:55:36.395Z INFO webdriver: DATA {"script":"\n            function webdriverioPolyfill() {\n  var __defProp = Object.defineProperty;\n  var __name = function(target, _value) {\n    return __defProp(target, \"name\", { value: _value, configurable: true });\n  };\n  var __globalThis = typeof globalThis === \"object\" && globalThis || typeof window === \"object\" && window;\n  __globalThis.__name = __name;\n}\n            webdriverioPolyfill()\n            return ((c, a, done) => {\r\n      window.__TAURI_INTERNALS__\r\n        .invoke(c, a)\r\n        .then((r) => done({ ok: true, value: r }))\r\n        .catch((e) => done({ ok: false, error: String(e) }));\r\n    }).apply(null, arguments)\n        ","args":["create_note",{"contextId":null,"title":"TestDelFromNote"}]}
[0-6] 2026-05-04T11:55:36.404Z INFO webdriver: RESULT {
[0-6]   ok: true,
[0-6]   value: {
[0-6]     content: '',
[0-6]     contextId: null,
[0-6]     id: '403f8342-ee31-4a59-a86d-1501b10e0733',
[0-6]     settings: {
[0-6]       fontSize: 14,
[0-6]       hotkey: null,
[0-6]       opacity: 1,
[0-6]       passthrough: false,
[0-6]       windowBounds: null
[0-6]     },
[0-6]     title: 'TestDelFromNote'
[0-6]   }
[0-6] }
[0-6] 2026-05-04T11:55:36.404Z INFO webdriver: COMMAND getWindowHandles()
[0-6] 2026-05-04T11:55:36.404Z INFO webdriver: [GET] http://127.0.0.1:4444/session/8e174128da991e4374bf6b277e4a42b5/window/handles
[0-6] 2026-05-04T11:55:36.406Z INFO webdriver: RESULT [ '6D2F36664415F62B1E1507F5299B92FB' ]
[0-6] 2026-05-04T11:55:36.407Z INFO webdriver: COMMAND executeAsyncScript(<fn>, <object>)
[0-6] 2026-05-04T11:55:36.407Z INFO webdriver: [POST] http://127.0.0.1:4444/session/8e174128da991e4374bf6b277e4a42b5/execute/async
[0-6] 2026-05-04T11:55:36.407Z INFO webdriver: DATA {"script":"\n            function webdriverioPolyfill() {\n  var __defProp = Object.defineProperty;\n  var __name = function(target, _value) {\n    return __defProp(target, \"name\", { value: _value, configurable: true });\n  };\n  var __globalThis = typeof globalThis === \"object\" && globalThis || typeof window === \"object\" && window;\n  __globalThis.__name = __name;\n}\n            webdriverioPolyfill()\n            return ((c, a, done) => {\r\n      window.__TAURI_INTERNALS__\r\n        .invoke(c, a)\r\n        .then((r) => done({ ok: true, value: r }))\r\n        .catch((e) => done({ ok: false, error: String(e) }));\r\n    }).apply(null, arguments)\n        ","args":["cmd_open_note_window",{"noteId":"403f8342-ee31-4a59-a86d-1501b10e0733","contextId":null}]}
[0-6] 2026-05-04T11:55:36.550Z INFO webdriver: RESULT { ok: true, value: null }
[0-6] 2026-05-04T11:55:36.550Z INFO webdriver: COMMAND getWindowHandles()
[0-6] 2026-05-04T11:55:36.551Z INFO webdriver: [GET] http://127.0.0.1:4444/session/8e174128da991e4374bf6b277e4a42b5/window/handles
[0-6] 2026-05-04T11:55:36.564Z INFO webdriver: RESULT [
[0-6]   '6D2F36664415F62B1E1507F5299B92FB',
[0-6]   '119BA7EB2F9C410C1DD064B56CC73459'
[0-6] ]
[0-6] 2026-05-04T11:55:36.564Z INFO webdriver: COMMAND getWindowHandles()
[0-6] 2026-05-04T11:55:36.564Z INFO webdriver: [GET] http://127.0.0.1:4444/session/8e174128da991e4374bf6b277e4a42b5/window/handles
[0-6] 2026-05-04T11:55:36.566Z INFO webdriver: RESULT [
[0-6]   '6D2F36664415F62B1E1507F5299B92FB',
[0-6]   '119BA7EB2F9C410C1DD064B56CC73459'
[0-6] ]
[0-6] 2026-05-04T11:55:36.567Z INFO webdriver: COMMAND switchToWindow("119BA7EB2F9C410C1DD064B56CC73459")
[0-6] 2026-05-04T11:55:36.567Z INFO webdriver: [POST] http://127.0.0.1:4444/session/8e174128da991e4374bf6b277e4a42b5/window
[0-6] 2026-05-04T11:55:36.567Z INFO webdriver: DATA {"handle":"119BA7EB2F9C410C1DD064B56CC73459"}
[0-6] 2026-05-04T11:55:36.580Z INFO webdriver: RESULT null
[0-6] 2026-05-04T11:55:36.580Z INFO webdriver: COMMAND executeAsyncScript(<fn>, <object>)
[0-6] 2026-05-04T11:55:36.581Z INFO webdriver: [POST] http://127.0.0.1:4444/session/8e174128da991e4374bf6b277e4a42b5/execute/async
[0-6] 2026-05-04T11:55:36.581Z INFO webdriver: DATA {"script":"\n            function webdriverioPolyfill() {\n  var __defProp = Object.defineProperty;\n  var __name = function(target, _value) {\n    return __defProp(target, \"name\", { value: _value, configurable: true });\n  };\n  var __globalThis = typeof globalThis === \"object\" && globalThis || typeof window === \"object\" && window;\n  __globalThis.__name = __name;\n}\n            webdriverioPolyfill()\n            return ((c, a, done) => {\r\n      window.__TAURI_INTERNALS__\r\n        .invoke(c, a)\r\n        .then((r) => done({ ok: true, value: r }))\r\n        .catch((e) => done({ ok: false, error: String(e) }));\r\n    }).apply(null, arguments)\n        ","args":["delete_note",{"contextId":null,"noteId":"403f8342-ee31-4a59-a86d-1501b10e0733"}]}
[0-6] 2026-05-04T11:55:36.623Z INFO webdriver: RESULT null
[0-6] TypeError in "刪除筆記同步生命週期.從筆記設定面板刪除筆記 → 列表同步移除"
TypeError: Cannot read properties of null (reading 'ok')
    at Context.<anonymous> (file:///D:/a/waypoint/waypoint/waypoint/e2e/specs/note-deletion.spec.js:117:25)
    at async Context.executeAsync (D:\a\waypoint\waypoint\waypoint\node_modules\@wdio\utils\build\index.js:1108:20)
    at async Context.testFrameworkFnWrapper (D:\a\waypoint\waypoint\waypoint\node_modules\@wdio\utils\build\index.js:1188:14)
[0-6] 2026-05-04T11:55:36.645Z INFO webdriver: COMMAND deleteSession()
[0-6] 2026-05-04T11:55:36.645Z INFO webdriver: [DELETE] http://127.0.0.1:4444/session/8e174128da991e4374bf6b277e4a42b5
[0-6] 2026-05-04T11:55:36.675Z INFO webdriver: RESULT null
[0-6] FAILED in undefined - file:///D:/a/waypoint/waypoint/waypoint/e2e/specs/note-deletion.spec.js
2026-05-04T11:55:36.821Z INFO @wdio/cli:launcher: Run onWorkerEnd hook
2026-05-04T11:55:36.821Z INFO @wdio/cli:launcher: Run onWorkerStart hook
2026-05-04T11:55:36.822Z INFO @wdio/local-runner: Start worker 0-7 with arg: run e2e/wdio.conf.js
2026-05-04T11:55:36.852Z INFO @wdio/xvfb:ProcessFactory: xvfb-run not found, falling back to regular fork
2026-05-04T11:55:36.852Z INFO @wdio/xvfb:ProcessFactory: ProcessFactory: shouldRun=false, isAvailable=false
2026-05-04T11:55:36.852Z INFO @wdio/xvfb:ProcessFactory: Creating worker process with regular fork
[0-7] 2026-05-04T11:55:38.283Z INFO @wdio/local-runner: Run worker command: run
[0-7] RUNNING in undefined - file:///D:/a/waypoint/waypoint/waypoint/e2e/specs/smoke.spec.js
[0-7] 2026-05-04T11:55:38.765Z INFO webdriver: Initiate new session using the WebDriver protocol
[0-7] 2026-05-04T11:55:38.768Z INFO @wdio/utils: Connecting to existing driver at http://127.0.0.1:4444/
[0-7] 2026-05-04T11:55:38.810Z INFO webdriver: [POST] http://127.0.0.1:4444/session
[0-7] 2026-05-04T11:55:39.753Z INFO webdriver: COMMAND getWindowHandle()
[0-7] 2026-05-04T11:55:39.754Z INFO webdriver: [GET] http://127.0.0.1:4444/session/c9eb0c72dc06868dd62dce0bb8c26ae9/window
[0-7] 2026-05-04T11:55:39.762Z INFO webdriver: RESULT EA255DEAB960BB3C6A840C2D49ACCB34
[0-7] 2026-05-04T11:55:39.771Z INFO webdriver: COMMAND getPageSource()
[0-7] 2026-05-04T11:55:39.772Z INFO webdriver: [GET] http://127.0.0.1:4444/session/c9eb0c72dc06868dd62dce0bb8c26ae9/source
[0-7] 2026-05-04T11:55:39.780Z INFO webdriver: RESULT <html lang="en"><head>
[0-7]     <meta charset="utf-8">
[0-7]     <link rel="icon" href="http://tauri.localhost/favicon.png">
[0-7]     <meta name="viewport" content="width=device-width, initial-scale=1">
[0-7]     <title>Waypoint</title>
[0-7]     <link href="/_app/immutable/entry/start.CkYLcQaC.js" rel="modulepreload">
[0-7] 		<link href="/_app/immutable/chunks/xMTTk29t.js" rel="modulepreload">
[0-7] 		<link href="/_app/immutable/chunks/BrvQaNFF.js" rel="modulepreload">
[0-7] 		<link href="/_app/immutable/chunks/DwxfgNgC.js" rel="modulepreload">
[0-7] 		<link href="/_app/immutable/entry/app.BpDh7PSE.js" rel="modulepreload">
[0-7] 		<link href="/_app/immutable/chunks/CXr6ktTA.js" rel="modulepreload">
[0-7] 		<link href="/_app/immutable/chunks/D9elXV-C.js" rel="modulepreload">
[0-7] 		<link href="/_app/immutable/chunks/DnwWQDu8.js" rel="modulepreload">
[0-7] 		
[0-7]   <link rel="modulepreload" as="script" crossorigin="" href="http://tauri.localhost/_app/immutable/nodes/0.D7mbmQ2z.js"><link rel="modulepreload" as="script" crossorigin="" href="http://tauri.localhost/_app/immutable/chunks/C9OVhmEN.js"><link rel="stylesheet" crossorigin="" href="http://tauri.localhost/_app/immutable/assets/0.CkmnEqie.css"><link rel="modulepreload" as="script" crossorigin="" href="http://tauri.localhost/_app/immutable/nodes/1.BgVLJEVI.js"><link rel="modulepreload" as="script" crossorigin="" href="http://tauri.localhost/_app/immutable/nodes/2.hMicA2SK.js"><link rel="stylesheet" crossorigin="" href="http://tauri.localhost/_app/immutable/assets/2.D-ylHd_F.css"></head>
[0-7]   <!-- background 直接寫在 body，確保 JS 載入前不顯示白屏 -->
[0-7]   <body data-sveltekit-preload-data="hover" style="background:#1e1e1e;color:#cccccc">
[0-7]     <div style="display: contents">
[0-7] 			<script>
[0-7] 				{
[0-7] 					__sveltekit_1wk6xy5 = {
[0-7] 						base: ""
[0-7] 					};
[0-7] 
[0-7] 					const element = document.currentScript.parentElement;
[0-7] 
[0-7] 					Promise.all([
[0-7] 						import("/_app/immutable/entry/start.CkYLcQaC.js"),
[0-7] 						import("/_app/immutable/entry/app.BpDh7PSE.js")
[0-7] 					]).then(([kit, app]) => {
[0-7] 						kit.start(app, element);
[0-7] 					});
[0-7] 				}
[0-7] 			</script>
[0-7] 		<!----><!----><!----><!----><!----><div class="list-window svelte-701jsl"><div class="draggable-titlebar titlebar svelte-5wg0lt" data-tauri-drag-region=""><div class="titlebar-left svelte-701jsl" data-tauri-drag-region=""><span class="app-name svelte-701jsl" data-tauri-drag-region="">WAYPOINT</span> <button class="icon-btn svelte-701jsl" title="使用說明">?</button></div> <div class="titlebar-right svelte-701jsl"><button class="icon-btn svelte-701jsl" title="設定">⚙</button> <button class="icon-btn svelte-701jsl" title="收起全部">⇊</button> <button class="icon-btn svelte-701jsl" title="最小化列表">—</button> <button class="icon-btn svelte-701jsl" title="結束 Waypoint">✕</button></div><!----></div><!----> <div class="list-body svelte-701jsl"><div class="section svelte-1hchbgo"><div class="section-header svelte-1hchbgo"><span class="section-label">🌐 全域筆記</span> <button class="add-btn svelte-1hchbgo" title="新增全域筆記">+</button></div> <!----><div role="button" tabindex="0" class="note-item svelte-1mz4n7r" draggable="true" data-note-id="45310885-35e0-4080-a4b1-1331f2c37da1" title="Untitled"><span class="icon svelte-1mz4n7r">📄</span> <span class="title svelte-1mz4n7r">Untitled</span></div><!----> <!----> <!----><!----><div role="button" tabindex="0" class="note-item svelte-1mz4n7r" draggable="true" data-note-id="78e07d29-e1ba-44ca-80f5-3dabde956f36" title="Untitled"><span class="icon svelte-1mz4n7r">📄</span> <span class="title svelte-1mz4n7r">Untitled</span></div><!----> <!----> <!----><!----><div role="button" tabindex="0" class="note-item svelte-1mz4n7r" draggable="true" data-note-id="86dac50f-d896-42c4-826e-913773347c5d" title="Untitled"><span class="icon svelte-1mz4n7r">📄</span> <span class="title svelte-1mz4n7r">Untitled</span></div><!----> <!----> <!----><!----><div role="button" tabindex="0" class="note-item svelte-1mz4n7r" draggable="true" data-note-id="9ff041ac-68fc-40e4-a4af-f06b62148dda" title="Untitled"><span class="icon svelte-1mz4n7r">📄</span> <span class="title svelte-1mz4n7r">Untitled</span></div><!----> <!----> <!----><!----><div role="button" tabindex="0" class="note-item svelte-1mz4n7r" draggable="true" data-note-id="c7752d54-07de-4603-9448-84476eca5adf" title="Untitled"><span class="icon svelte-1mz4n7r">📄</span> <span class="title svelte-1mz4n7r">Untitled</span></div><!----> <!----> <!----><!----><div role="button" tabindex="0" class="note-item svelte-1mz4n7r" draggable="true" data-note-id="f8312207-0a86-4dff-831c-80ea521bbedd" title="Untitled"><span class="icon svelte-1mz4n7r">📄</span> <span class="title svelte-1mz4n7r">Untitled</span></div><!----> <!----> <!----><!----></div><!----> <div class="divider"></div> <!----></div></div><!----> <div id="svelte-announcer" aria-live="assertive" aria-atomic="true" style="position: absolute; left: 0; top: 0; clip: rect(0 0 0 0); clip-path: inset(50%); overflow: hidden; white-space: nowrap; width: 1px; height: 1px"><!----></div><!----></div>
[0-7]   
[0-7] 
[0-7] </body></html>
[0-7] 2026-05-04T11:55:39.784Z INFO webdriver: COMMAND executeScript(<fn>, <object>)
[0-7] 2026-05-04T11:55:39.785Z INFO webdriver: [POST] http://127.0.0.1:4444/session/c9eb0c72dc06868dd62dce0bb8c26ae9/execute/sync
[0-7] 2026-05-04T11:55:39.785Z INFO webdriver: DATA {"script":"\n            function webdriverioPolyfill() {\n  var __defProp = Object.defineProperty;\n  var __name = function(target, _value) {\n    return __defProp(target, \"name\", { value: _value, configurable: true });\n  };\n  var __globalThis = typeof globalThis === \"object\" && globalThis || typeof window === \"object\" && window;\n  __globalThis.__name = __name;\n}\n            webdriverioPolyfill();\n            return (() => getComputedStyle(document.body).backgroundColor).apply(null, arguments)\n        ","args":[]}
[0-7] 2026-05-04T11:55:39.794Z INFO webdriver: RESULT rgb(30, 30, 30)
[0-7] 2026-05-04T11:55:39.799Z INFO webdriver: COMMAND findElement("css selector", ".app-name")
[0-7] 2026-05-04T11:55:39.800Z INFO webdriver: [POST] http://127.0.0.1:4444/session/c9eb0c72dc06868dd62dce0bb8c26ae9/element
[0-7] 2026-05-04T11:55:39.800Z INFO webdriver: DATA {"using":"css selector","value":".app-name"}
[0-7] 2026-05-04T11:55:39.816Z INFO webdriver: RESULT {
[0-7]   'element-6066-11e4-a52e-4f735466cecf': 'f.EA255DEAB960BB3C6A840C2D49ACCB34.d.40784EAA43A8A4187A678AB41E95B37B.e.4'
[0-7] }
[0-7] 2026-05-04T11:55:39.828Z INFO webdriver: COMMAND findElements("css selector", ".app-name")
[0-7] 2026-05-04T11:55:39.829Z INFO webdriver: [POST] http://127.0.0.1:4444/session/c9eb0c72dc06868dd62dce0bb8c26ae9/elements
[0-7] 2026-05-04T11:55:39.830Z INFO webdriver: DATA {"using":"css selector","value":".app-name"}
[0-7] 2026-05-04T11:55:39.845Z INFO webdriver: RESULT [
[0-7]   {
[0-7]     'element-6066-11e4-a52e-4f735466cecf': 'f.EA255DEAB960BB3C6A840C2D49ACCB34.d.40784EAA43A8A4187A678AB41E95B37B.e.4'
[0-7]   }
[0-7] ]
[0-7] 2026-05-04T11:55:39.852Z INFO webdriver: COMMAND getElementText("f.EA255DEAB960BB3C6A840C2D49ACCB34.d.40784EAA43A8A4187A678AB41E95B37B.e.4")
[0-7] 2026-05-04T11:55:39.853Z INFO webdriver: [GET] http://127.0.0.1:4444/session/c9eb0c72dc06868dd62dce0bb8c26ae9/element/f.EA255DEAB960BB3C6A840C2D49ACCB34.d.40784EAA43A8A4187A678AB41E95B37B.e.4/text
[0-7] 2026-05-04T11:55:39.870Z INFO webdriver: RESULT WAYPOINT
[0-7] 2026-05-04T11:55:39.872Z INFO webdriver: COMMAND findElement("css selector", "button[title="使用說明"]")
[0-7] 2026-05-04T11:55:39.872Z INFO webdriver: [POST] http://127.0.0.1:4444/session/c9eb0c72dc06868dd62dce0bb8c26ae9/element
[0-7] 2026-05-04T11:55:39.872Z INFO webdriver: DATA {"using":"css selector","value":"button[title=\"使用說明\"]"}
[0-7] 2026-05-04T11:55:39.886Z INFO webdriver: RESULT {
[0-7]   'element-6066-11e4-a52e-4f735466cecf': 'f.EA255DEAB960BB3C6A840C2D49ACCB34.d.40784EAA43A8A4187A678AB41E95B37B.e.5'
[0-7] }
[0-7] 2026-05-04T11:55:39.889Z INFO webdriver: COMMAND findElements("css selector", "button[title="使用說明"]")
[0-7] 2026-05-04T11:55:39.890Z INFO webdriver: [POST] http://127.0.0.1:4444/session/c9eb0c72dc06868dd62dce0bb8c26ae9/elements
[0-7] 2026-05-04T11:55:39.890Z INFO webdriver: DATA {"using":"css selector","value":"button[title=\"使用說明\"]"}
[0-7] 2026-05-04T11:55:39.917Z INFO webdriver: RESULT [
[0-7]   {
[0-7]     'element-6066-11e4-a52e-4f735466cecf': 'f.EA255DEAB960BB3C6A840C2D49ACCB34.d.40784EAA43A8A4187A678AB41E95B37B.e.5'
[0-7]   }
[0-7] ]
[0-7] 2026-05-04T11:55:39.922Z INFO webdriver: COMMAND executeScript(<fn>, <object>)
[0-7] 2026-05-04T11:55:39.923Z INFO webdriver: [POST] http://127.0.0.1:4444/session/c9eb0c72dc06868dd62dce0bb8c26ae9/execute/sync
[0-7] 2026-05-04T11:55:39.923Z INFO webdriver: DATA {"script":"\n            function webdriverioPolyfill() {\n  var __defProp = Object.defineProperty;\n  var __name = function(target, _value) {\n    return __defProp(target, \"name\", { value: _value, configurable: true });\n  };\n  var __globalThis = typeof globalThis === \"object\" && globalThis || typeof window === \"object\" && window;\n  __globalThis.__name = __name;\n}\n            webdriverioPolyfill();\n            return (function(elem) {\n      try {\n        const style = window.getComputedStyle(elem);\n        return { value: style?.display ?? \"\" };\n      } catch {\n        if (typeof elem.isConnected === \"boolean\" && !elem.isConnected) {\n          throw new Error(\"stale element reference: element is not attached to the page document\");\n        }\n        return { value: \"\" };\n      }\n    }).apply(null, arguments)\n        ","args":[{"element-6066-11e4-a52e-4f735466cecf":"f.EA255DEAB960BB3C6A840C2D49ACCB34.d.40784EAA43A8A4187A678AB41E95B37B.e.5","ELEMENT":"f.EA255DEAB960BB3C6A840C2D49ACCB34.d.40784EAA43A8A4187A678AB41E95B37B.e.5"}]}
[0-7] 2026-05-04T11:55:39.924Z INFO webdriver: COMMAND executeScript(<fn>, <object>)
[0-7] 2026-05-04T11:55:39.925Z INFO webdriver: [POST] http://127.0.0.1:4444/session/c9eb0c72dc06868dd62dce0bb8c26ae9/execute/sync
[0-7] 2026-05-04T11:55:39.925Z INFO webdriver: DATA {"script":"\n            function webdriverioPolyfill() {\n  var __defProp = Object.defineProperty;\n  var __name = function(target, _value) {\n    return __defProp(target, \"name\", { value: _value, configurable: true });\n  };\n  var __globalThis = typeof globalThis === \"object\" && globalThis || typeof window === \"object\" && window;\n  __globalThis.__name = __name;\n}\n            webdriverioPolyfill();\n            return (function checkVisibility(elem, params) {\n      if (typeof elem.checkVisibility === \"function\") {\n        return elem.checkVisibility(params);\n      }\n      return null;\n    }).apply(null, arguments)\n        ","args":[{"element-6066-11e4-a52e-4f735466cecf":"f.EA255DEAB960BB3C6A840C2D49ACCB34.d.40784EAA43A8A4187A678AB41E95B37B.e.5","ELEMENT":"f.EA255DEAB960BB3C6A840C2D49ACCB34.d.40784EAA43A8A4187A678AB41E95B37B.e.5"},{"withinViewport":false,"contentVisibilityAuto":true,"opacityProperty":true,"visibilityProperty":true}]}
[0-7] 2026-05-04T11:55:39.952Z INFO webdriver: RESULT { value: 'block' }
[0-7] 2026-05-04T11:55:39.956Z INFO webdriver: RESULT true
[0-7] 2026-05-04T11:55:39.957Z INFO webdriver: COMMAND findElement("css selector", "button[title="設定"]")
[0-7] 2026-05-04T11:55:39.958Z INFO webdriver: [POST] http://127.0.0.1:4444/session/c9eb0c72dc06868dd62dce0bb8c26ae9/element
[0-7] 2026-05-04T11:55:39.958Z INFO webdriver: DATA {"using":"css selector","value":"button[title=\"設定\"]"}
[0-7] 2026-05-04T11:55:39.970Z INFO webdriver: RESULT {
[0-7]   'element-6066-11e4-a52e-4f735466cecf': 'f.EA255DEAB960BB3C6A840C2D49ACCB34.d.40784EAA43A8A4187A678AB41E95B37B.e.6'
[0-7] }
[0-7] 2026-05-04T11:55:39.974Z INFO webdriver: COMMAND findElements("css selector", "button[title="設定"]")
[0-7] 2026-05-04T11:55:39.975Z INFO webdriver: [POST] http://127.0.0.1:4444/session/c9eb0c72dc06868dd62dce0bb8c26ae9/elements
[0-7] 2026-05-04T11:55:39.975Z INFO webdriver: DATA {"using":"css selector","value":"button[title=\"設定\"]"}
[0-7] 2026-05-04T11:55:39.986Z INFO webdriver: RESULT [
[0-7]   {
[0-7]     'element-6066-11e4-a52e-4f735466cecf': 'f.EA255DEAB960BB3C6A840C2D49ACCB34.d.40784EAA43A8A4187A678AB41E95B37B.e.6'
[0-7]   }
[0-7] ]
[0-7] 2026-05-04T11:55:39.988Z INFO webdriver: COMMAND executeScript(<fn>, <object>)
[0-7] 2026-05-04T11:55:39.989Z INFO webdriver: [POST] http://127.0.0.1:4444/session/c9eb0c72dc06868dd62dce0bb8c26ae9/execute/sync
[0-7] 2026-05-04T11:55:39.989Z INFO webdriver: DATA {"script":"\n            function webdriverioPolyfill() {\n  var __defProp = Object.defineProperty;\n  var __name = function(target, _value) {\n    return __defProp(target, \"name\", { value: _value, configurable: true });\n  };\n  var __globalThis = typeof globalThis === \"object\" && globalThis || typeof window === \"object\" && window;\n  __globalThis.__name = __name;\n}\n            webdriverioPolyfill();\n            return (function(elem) {\n      try {\n        const style = window.getComputedStyle(elem);\n        return { value: style?.display ?? \"\" };\n      } catch {\n        if (typeof elem.isConnected === \"boolean\" && !elem.isConnected) {\n          throw new Error(\"stale element reference: element is not attached to the page document\");\n        }\n        return { value: \"\" };\n      }\n    }).apply(null, arguments)\n        ","args":[{"element-6066-11e4-a52e-4f735466cecf":"f.EA255DEAB960BB3C6A840C2D49ACCB34.d.40784EAA43A8A4187A678AB41E95B37B.e.6","ELEMENT":"f.EA255DEAB960BB3C6A840C2D49ACCB34.d.40784EAA43A8A4187A678AB41E95B37B.e.6"}]}
[0-7] 2026-05-04T11:55:39.990Z INFO webdriver: COMMAND executeScript(<fn>, <object>)
[0-7] 2026-05-04T11:55:39.990Z INFO webdriver: [POST] http://127.0.0.1:4444/session/c9eb0c72dc06868dd62dce0bb8c26ae9/execute/sync
[0-7] 2026-05-04T11:55:39.990Z INFO webdriver: DATA {"script":"\n            function webdriverioPolyfill() {\n  var __defProp = Object.defineProperty;\n  var __name = function(target, _value) {\n    return __defProp(target, \"name\", { value: _value, configurable: true });\n  };\n  var __globalThis = typeof globalThis === \"object\" && globalThis || typeof window === \"object\" && window;\n  __globalThis.__name = __name;\n}\n            webdriverioPolyfill();\n            return (function checkVisibility(elem, params) {\n      if (typeof elem.checkVisibility === \"function\") {\n        return elem.checkVisibility(params);\n      }\n      return null;\n    }).apply(null, arguments)\n        ","args":[{"element-6066-11e4-a52e-4f735466cecf":"f.EA255DEAB960BB3C6A840C2D49ACCB34.d.40784EAA43A8A4187A678AB41E95B37B.e.6","ELEMENT":"f.EA255DEAB960BB3C6A840C2D49ACCB34.d.40784EAA43A8A4187A678AB41E95B37B.e.6"},{"withinViewport":false,"contentVisibilityAuto":true,"opacityProperty":true,"visibilityProperty":true}]}
[0-7] 2026-05-04T11:55:39.996Z INFO webdriver: RESULT { value: 'block' }
[0-7] 2026-05-04T11:55:40.000Z INFO webdriver: RESULT true
[0-7] 2026-05-04T11:55:40.000Z INFO webdriver: COMMAND findElement("css selector", "button[title="收起全部"]")
[0-7] 2026-05-04T11:55:40.001Z INFO webdriver: [POST] http://127.0.0.1:4444/session/c9eb0c72dc06868dd62dce0bb8c26ae9/element
[0-7] 2026-05-04T11:55:40.001Z INFO webdriver: DATA {"using":"css selector","value":"button[title=\"收起全部\"]"}
[0-7] 2026-05-04T11:55:40.011Z INFO webdriver: RESULT {
[0-7]   'element-6066-11e4-a52e-4f735466cecf': 'f.EA255DEAB960BB3C6A840C2D49ACCB34.d.40784EAA43A8A4187A678AB41E95B37B.e.7'
[0-7] }
[0-7] 2026-05-04T11:55:40.013Z INFO webdriver: COMMAND findElements("css selector", "button[title="收起全部"]")
[0-7] 2026-05-04T11:55:40.014Z INFO webdriver: [POST] http://127.0.0.1:4444/session/c9eb0c72dc06868dd62dce0bb8c26ae9/elements
[0-7] 2026-05-04T11:55:40.014Z INFO webdriver: DATA {"using":"css selector","value":"button[title=\"收起全部\"]"}
[0-7] 2026-05-04T11:55:40.024Z INFO webdriver: RESULT [
[0-7]   {
[0-7]     'element-6066-11e4-a52e-4f735466cecf': 'f.EA255DEAB960BB3C6A840C2D49ACCB34.d.40784EAA43A8A4187A678AB41E95B37B.e.7'
[0-7]   }
[0-7] ]
[0-7] 2026-05-04T11:55:40.027Z INFO webdriver: COMMAND executeScript(<fn>, <object>)
[0-7] 2026-05-04T11:55:40.027Z INFO webdriver: [POST] http://127.0.0.1:4444/session/c9eb0c72dc06868dd62dce0bb8c26ae9/execute/sync
[0-7] 2026-05-04T11:55:40.028Z INFO webdriver: DATA {"script":"\n            function webdriverioPolyfill() {\n  var __defProp = Object.defineProperty;\n  var __name = function(target, _value) {\n    return __defProp(target, \"name\", { value: _value, configurable: true });\n  };\n  var __globalThis = typeof globalThis === \"object\" && globalThis || typeof window === \"object\" && window;\n  __globalThis.__name = __name;\n}\n            webdriverioPolyfill();\n            return (function(elem) {\n      try {\n        const style = window.getComputedStyle(elem);\n        return { value: style?.display ?? \"\" };\n      } catch {\n        if (typeof elem.isConnected === \"boolean\" && !elem.isConnected) {\n          throw new Error(\"stale element reference: element is not attached to the page document\");\n        }\n        return { value: \"\" };\n      }\n    }).apply(null, arguments)\n        ","args":[{"element-6066-11e4-a52e-4f735466cecf":"f.EA255DEAB960BB3C6A840C2D49ACCB34.d.40784EAA43A8A4187A678AB41E95B37B.e.7","ELEMENT":"f.EA255DEAB960BB3C6A840C2D49ACCB34.d.40784EAA43A8A4187A678AB41E95B37B.e.7"}]}
[0-7] 2026-05-04T11:55:40.028Z INFO webdriver: COMMAND executeScript(<fn>, <object>)
[0-7] 2026-05-04T11:55:40.029Z INFO webdriver: [POST] http://127.0.0.1:4444/session/c9eb0c72dc06868dd62dce0bb8c26ae9/execute/sync
[0-7] 2026-05-04T11:55:40.029Z INFO webdriver: DATA {"script":"\n            function webdriverioPolyfill() {\n  var __defProp = Object.defineProperty;\n  var __name = function(target, _value) {\n    return __defProp(target, \"name\", { value: _value, configurable: true });\n  };\n  var __globalThis = typeof globalThis === \"object\" && globalThis || typeof window === \"object\" && window;\n  __globalThis.__name = __name;\n}\n            webdriverioPolyfill();\n            return (function checkVisibility(elem, params) {\n      if (typeof elem.checkVisibility === \"function\") {\n        return elem.checkVisibility(params);\n      }\n      return null;\n    }).apply(null, arguments)\n        ","args":[{"element-6066-11e4-a52e-4f735466cecf":"f.EA255DEAB960BB3C6A840C2D49ACCB34.d.40784EAA43A8A4187A678AB41E95B37B.e.7","ELEMENT":"f.EA255DEAB960BB3C6A840C2D49ACCB34.d.40784EAA43A8A4187A678AB41E95B37B.e.7"},{"withinViewport":false,"contentVisibilityAuto":true,"opacityProperty":true,"visibilityProperty":true}]}
[0-7] 2026-05-04T11:55:40.036Z INFO webdriver: RESULT { value: 'block' }
[0-7] 2026-05-04T11:55:40.040Z INFO webdriver: RESULT true
[0-7] 2026-05-04T11:55:40.040Z INFO webdriver: COMMAND findElement("css selector", "button[title="最小化列表"]")
[0-7] 2026-05-04T11:55:40.040Z INFO webdriver: [POST] http://127.0.0.1:4444/session/c9eb0c72dc06868dd62dce0bb8c26ae9/element
[0-7] 2026-05-04T11:55:40.040Z INFO webdriver: DATA {"using":"css selector","value":"button[title=\"最小化列表\"]"}
[0-7] 2026-05-04T11:55:40.051Z INFO webdriver: RESULT {
[0-7]   'element-6066-11e4-a52e-4f735466cecf': 'f.EA255DEAB960BB3C6A840C2D49ACCB34.d.40784EAA43A8A4187A678AB41E95B37B.e.8'
[0-7] }
[0-7] 2026-05-04T11:55:40.053Z INFO webdriver: COMMAND findElements("css selector", "button[title="最小化列表"]")
[0-7] 2026-05-04T11:55:40.053Z INFO webdriver: [POST] http://127.0.0.1:4444/session/c9eb0c72dc06868dd62dce0bb8c26ae9/elements
[0-7] 2026-05-04T11:55:40.053Z INFO webdriver: DATA {"using":"css selector","value":"button[title=\"最小化列表\"]"}
[0-7] 2026-05-04T11:55:40.063Z INFO webdriver: RESULT [
[0-7]   {
[0-7]     'element-6066-11e4-a52e-4f735466cecf': 'f.EA255DEAB960BB3C6A840C2D49ACCB34.d.40784EAA43A8A4187A678AB41E95B37B.e.8'
[0-7]   }
[0-7] ]
[0-7] 2026-05-04T11:55:40.066Z INFO webdriver: COMMAND executeScript(<fn>, <object>)
[0-7] 2026-05-04T11:55:40.066Z INFO webdriver: [POST] http://127.0.0.1:4444/session/c9eb0c72dc06868dd62dce0bb8c26ae9/execute/sync
[0-7] 2026-05-04T11:55:40.066Z INFO webdriver: DATA {"script":"\n            function webdriverioPolyfill() {\n  var __defProp = Object.defineProperty;\n  var __name = function(target, _value) {\n    return __defProp(target, \"name\", { value: _value, configurable: true });\n  };\n  var __globalThis = typeof globalThis === \"object\" && globalThis || typeof window === \"object\" && window;\n  __globalThis.__name = __name;\n}\n            webdriverioPolyfill();\n            return (function(elem) {\n      try {\n        const style = window.getComputedStyle(elem);\n        return { value: style?.display ?? \"\" };\n      } catch {\n        if (typeof elem.isConnected === \"boolean\" && !elem.isConnected) {\n          throw new Error(\"stale element reference: element is not attached to the page document\");\n        }\n        return { value: \"\" };\n      }\n    }).apply(null, arguments)\n        ","args":[{"element-6066-11e4-a52e-4f735466cecf":"f.EA255DEAB960BB3C6A840C2D49ACCB34.d.40784EAA43A8A4187A678AB41E95B37B.e.8","ELEMENT":"f.EA255DEAB960BB3C6A840C2D49ACCB34.d.40784EAA43A8A4187A678AB41E95B37B.e.8"}]}
[0-7] 2026-05-04T11:55:40.067Z INFO webdriver: COMMAND executeScript(<fn>, <object>)
[0-7] 2026-05-04T11:55:40.067Z INFO webdriver: [POST] http://127.0.0.1:4444/session/c9eb0c72dc06868dd62dce0bb8c26ae9/execute/sync
[0-7] 2026-05-04T11:55:40.067Z INFO webdriver: DATA {"script":"\n            function webdriverioPolyfill() {\n  var __defProp = Object.defineProperty;\n  var __name = function(target, _value) {\n    return __defProp(target, \"name\", { value: _value, configurable: true });\n  };\n  var __globalThis = typeof globalThis === \"object\" && globalThis || typeof window === \"object\" && window;\n  __globalThis.__name = __name;\n}\n            webdriverioPolyfill();\n            return (function checkVisibility(elem, params) {\n      if (typeof elem.checkVisibility === \"function\") {\n        return elem.checkVisibility(params);\n      }\n      return null;\n    }).apply(null, arguments)\n        ","args":[{"element-6066-11e4-a52e-4f735466cecf":"f.EA255DEAB960BB3C6A840C2D49ACCB34.d.40784EAA43A8A4187A678AB41E95B37B.e.8","ELEMENT":"f.EA255DEAB960BB3C6A840C2D49ACCB34.d.40784EAA43A8A4187A678AB41E95B37B.e.8"},{"withinViewport":false,"contentVisibilityAuto":true,"opacityProperty":true,"visibilityProperty":true}]}
[0-7] 2026-05-04T11:55:40.074Z INFO webdriver: RESULT { value: 'block' }
[0-7] 2026-05-04T11:55:40.078Z INFO webdriver: RESULT true
[0-7] 2026-05-04T11:55:40.078Z INFO webdriver: COMMAND findElement("css selector", "button[title="結束 Waypoint"]")
[0-7] 2026-05-04T11:55:40.079Z INFO webdriver: [POST] http://127.0.0.1:4444/session/c9eb0c72dc06868dd62dce0bb8c26ae9/element
[0-7] 2026-05-04T11:55:40.079Z INFO webdriver: DATA {"using":"css selector","value":"button[title=\"結束 Waypoint\"]"}
[0-7] 2026-05-04T11:55:40.089Z INFO webdriver: RESULT {
[0-7]   'element-6066-11e4-a52e-4f735466cecf': 'f.EA255DEAB960BB3C6A840C2D49ACCB34.d.40784EAA43A8A4187A678AB41E95B37B.e.9'
[0-7] }
[0-7] 2026-05-04T11:55:40.091Z INFO webdriver: COMMAND findElements("css selector", "button[title="結束 Waypoint"]")
[0-7] 2026-05-04T11:55:40.091Z INFO webdriver: [POST] http://127.0.0.1:4444/session/c9eb0c72dc06868dd62dce0bb8c26ae9/elements
[0-7] 2026-05-04T11:55:40.091Z INFO webdriver: DATA {"using":"css selector","value":"button[title=\"結束 Waypoint\"]"}
[0-7] 2026-05-04T11:55:40.101Z INFO webdriver: RESULT [
[0-7]   {
[0-7]     'element-6066-11e4-a52e-4f735466cecf': 'f.EA255DEAB960BB3C6A840C2D49ACCB34.d.40784EAA43A8A4187A678AB41E95B37B.e.9'
[0-7]   }
[0-7] ]
[0-7] 2026-05-04T11:55:40.103Z INFO webdriver: COMMAND executeScript(<fn>, <object>)
[0-7] 2026-05-04T11:55:40.104Z INFO webdriver: [POST] http://127.0.0.1:4444/session/c9eb0c72dc06868dd62dce0bb8c26ae9/execute/sync
[0-7] 2026-05-04T11:55:40.104Z INFO webdriver: DATA {"script":"\n            function webdriverioPolyfill() {\n  var __defProp = Object.defineProperty;\n  var __name = function(target, _value) {\n    return __defProp(target, \"name\", { value: _value, configurable: true });\n  };\n  var __globalThis = typeof globalThis === \"object\" && globalThis || typeof window === \"object\" && window;\n  __globalThis.__name = __name;\n}\n            webdriverioPolyfill();\n            return (function(elem) {\n      try {\n        const style = window.getComputedStyle(elem);\n        return { value: style?.display ?? \"\" };\n      } catch {\n        if (typeof elem.isConnected === \"boolean\" && !elem.isConnected) {\n          throw new Error(\"stale element reference: element is not attached to the page document\");\n        }\n        return { value: \"\" };\n      }\n    }).apply(null, arguments)\n        ","args":[{"element-6066-11e4-a52e-4f735466cecf":"f.EA255DEAB960BB3C6A840C2D49ACCB34.d.40784EAA43A8A4187A678AB41E95B37B.e.9","ELEMENT":"f.EA255DEAB960BB3C6A840C2D49ACCB34.d.40784EAA43A8A4187A678AB41E95B37B.e.9"}]}
[0-7] 2026-05-04T11:55:40.105Z INFO webdriver: COMMAND executeScript(<fn>, <object>)
[0-7] 2026-05-04T11:55:40.105Z INFO webdriver: [POST] http://127.0.0.1:4444/session/c9eb0c72dc06868dd62dce0bb8c26ae9/execute/sync
[0-7] 2026-05-04T11:55:40.105Z INFO webdriver: DATA {"script":"\n            function webdriverioPolyfill() {\n  var __defProp = Object.defineProperty;\n  var __name = function(target, _value) {\n    return __defProp(target, \"name\", { value: _value, configurable: true });\n  };\n  var __globalThis = typeof globalThis === \"object\" && globalThis || typeof window === \"object\" && window;\n  __globalThis.__name = __name;\n}\n            webdriverioPolyfill();\n            return (function checkVisibility(elem, params) {\n      if (typeof elem.checkVisibility === \"function\") {\n        return elem.checkVisibility(params);\n      }\n      return null;\n    }).apply(null, arguments)\n        ","args":[{"element-6066-11e4-a52e-4f735466cecf":"f.EA255DEAB960BB3C6A840C2D49ACCB34.d.40784EAA43A8A4187A678AB41E95B37B.e.9","ELEMENT":"f.EA255DEAB960BB3C6A840C2D49ACCB34.d.40784EAA43A8A4187A678AB41E95B37B.e.9"},{"withinViewport":false,"contentVisibilityAuto":true,"opacityProperty":true,"visibilityProperty":true}]}
[0-7] 2026-05-04T11:55:40.111Z INFO webdriver: RESULT { value: 'block' }
[0-7] 2026-05-04T11:55:40.115Z INFO webdriver: RESULT true
[0-7] 2026-05-04T11:55:40.116Z INFO webdriver: COMMAND findElements("css selector", ".titlebar button")
[0-7] 2026-05-04T11:55:40.117Z INFO webdriver: [POST] http://127.0.0.1:4444/session/c9eb0c72dc06868dd62dce0bb8c26ae9/elements
[0-7] 2026-05-04T11:55:40.117Z INFO webdriver: DATA {"using":"css selector","value":".titlebar button"}
[0-7] 2026-05-04T11:55:40.127Z INFO webdriver: RESULT [
[0-7]   {
[0-7]     'element-6066-11e4-a52e-4f735466cecf': 'f.EA255DEAB960BB3C6A840C2D49ACCB34.d.40784EAA43A8A4187A678AB41E95B37B.e.5'
[0-7]   },
[0-7]   {
[0-7]     'element-6066-11e4-a52e-4f735466cecf': 'f.EA255DEAB960BB3C6A840C2D49ACCB34.d.40784EAA43A8A4187A678AB41E95B37B.e.6'
[0-7]   },
[0-7]   {
[0-7]     'element-6066-11e4-a52e-4f735466cecf': 'f.EA255DEAB960BB3C6A840C2D49ACCB34.d.40784EAA43A8A4187A678AB41E95B37B.e.7'
[0-7]   },
[0-7]   {
[0-7]     'element-6066-11e4-a52e-4f735466cecf': 'f.EA255DEAB960BB3C6A840C2D49ACCB34.d.40784EAA43A8A4187A678AB41E95B37B.e.8'
[0-7]   },
[0-7]   {
[0-7]     'element-6066-11e4-a52e-4f735466cecf': 'f.EA255DEAB960BB3C6A840C2D49ACCB34.d.40784EAA43A8A4187A678AB41E95B37B.e.9'
[0-7]   }
[0-7] ]
[0-7] 2026-05-04T11:55:40.133Z INFO webdriver: COMMAND getElementText("f.EA255DEAB960BB3C6A840C2D49ACCB34.d.40784EAA43A8A4187A678AB41E95B37B.e.5")
[0-7] 2026-05-04T11:55:40.134Z INFO webdriver: [GET] http://127.0.0.1:4444/session/c9eb0c72dc06868dd62dce0bb8c26ae9/element/f.EA255DEAB960BB3C6A840C2D49ACCB34.d.40784EAA43A8A4187A678AB41E95B37B.e.5/text
[0-7] 2026-05-04T11:55:40.141Z INFO webdriver: RESULT ?
[0-7] 2026-05-04T11:55:40.142Z INFO webdriver: COMMAND getElementText("f.EA255DEAB960BB3C6A840C2D49ACCB34.d.40784EAA43A8A4187A678AB41E95B37B.e.6")
[0-7] 2026-05-04T11:55:40.142Z INFO webdriver: [GET] http://127.0.0.1:4444/session/c9eb0c72dc06868dd62dce0bb8c26ae9/element/f.EA255DEAB960BB3C6A840C2D49ACCB34.d.40784EAA43A8A4187A678AB41E95B37B.e.6/text
[0-7] 2026-05-04T11:55:40.149Z INFO webdriver: RESULT ⚙
[0-7] 2026-05-04T11:55:40.149Z INFO webdriver: COMMAND getElementText("f.EA255DEAB960BB3C6A840C2D49ACCB34.d.40784EAA43A8A4187A678AB41E95B37B.e.7")
[0-7] 2026-05-04T11:55:40.149Z INFO webdriver: [GET] http://127.0.0.1:4444/session/c9eb0c72dc06868dd62dce0bb8c26ae9/element/f.EA255DEAB960BB3C6A840C2D49ACCB34.d.40784EAA43A8A4187A678AB41E95B37B.e.7/text
[0-7] 2026-05-04T11:55:40.156Z INFO webdriver: RESULT ⇊
[0-7] 2026-05-04T11:55:40.156Z INFO webdriver: COMMAND getElementText("f.EA255DEAB960BB3C6A840C2D49ACCB34.d.40784EAA43A8A4187A678AB41E95B37B.e.8")
[0-7] 2026-05-04T11:55:40.157Z INFO webdriver: [GET] http://127.0.0.1:4444/session/c9eb0c72dc06868dd62dce0bb8c26ae9/element/f.EA255DEAB960BB3C6A840C2D49ACCB34.d.40784EAA43A8A4187A678AB41E95B37B.e.8/text
[0-7] 2026-05-04T11:55:40.164Z INFO webdriver: RESULT —
[0-7] 2026-05-04T11:55:40.164Z INFO webdriver: COMMAND getElementText("f.EA255DEAB960BB3C6A840C2D49ACCB34.d.40784EAA43A8A4187A678AB41E95B37B.e.9")
[0-7] 2026-05-04T11:55:40.165Z INFO webdriver: [GET] http://127.0.0.1:4444/session/c9eb0c72dc06868dd62dce0bb8c26ae9/element/f.EA255DEAB960BB3C6A840C2D49ACCB34.d.40784EAA43A8A4187A678AB41E95B37B.e.9/text
[0-7] 2026-05-04T11:55:40.172Z INFO webdriver: RESULT ✕
[0-7] 2026-05-04T11:55:40.173Z INFO webdriver: COMMAND getPageSource()
[0-7] 2026-05-04T11:55:40.173Z INFO webdriver: [GET] http://127.0.0.1:4444/session/c9eb0c72dc06868dd62dce0bb8c26ae9/source
[0-7] 2026-05-04T11:55:40.176Z INFO webdriver: RESULT <html lang="en"><head>
[0-7]     <meta charset="utf-8">
[0-7]     <link rel="icon" href="http://tauri.localhost/favicon.png">
[0-7]     <meta name="viewport" content="width=device-width, initial-scale=1">
[0-7]     <title>Waypoint</title>
[0-7]     <link href="/_app/immutable/entry/start.CkYLcQaC.js" rel="modulepreload">
[0-7] 		<link href="/_app/immutable/chunks/xMTTk29t.js" rel="modulepreload">
[0-7] 		<link href="/_app/immutable/chunks/BrvQaNFF.js" rel="modulepreload">
[0-7] 		<link href="/_app/immutable/chunks/DwxfgNgC.js" rel="modulepreload">
[0-7] 		<link href="/_app/immutable/entry/app.BpDh7PSE.js" rel="modulepreload">
[0-7] 		<link href="/_app/immutable/chunks/CXr6ktTA.js" rel="modulepreload">
[0-7] 		<link href="/_app/immutable/chunks/D9elXV-C.js" rel="modulepreload">
[0-7] 		<link href="/_app/immutable/chunks/DnwWQDu8.js" rel="modulepreload">
[0-7] 		
[0-7]   <link rel="modulepreload" as="script" crossorigin="" href="http://tauri.localhost/_app/immutable/nodes/0.D7mbmQ2z.js"><link rel="modulepreload" as="script" crossorigin="" href="http://tauri.localhost/_app/immutable/chunks/C9OVhmEN.js"><link rel="stylesheet" crossorigin="" href="http://tauri.localhost/_app/immutable/assets/0.CkmnEqie.css"><link rel="modulepreload" as="script" crossorigin="" href="http://tauri.localhost/_app/immutable/nodes/1.BgVLJEVI.js"><link rel="modulepreload" as="script" crossorigin="" href="http://tauri.localhost/_app/immutable/nodes/2.hMicA2SK.js"><link rel="stylesheet" crossorigin="" href="http://tauri.localhost/_app/immutable/assets/2.D-ylHd_F.css"></head>
[0-7]   <!-- background 直接寫在 body，確保 JS 載入前不顯示白屏 -->
[0-7]   <body data-sveltekit-preload-data="hover" style="background:#1e1e1e;color:#cccccc">
[0-7]     <div style="display: contents">
[0-7] 			<script>
[0-7] 				{
[0-7] 					__sveltekit_1wk6xy5 = {
[0-7] 						base: ""
[0-7] 					};
[0-7] 
[0-7] 					const element = document.currentScript.parentElement;
[0-7] 
[0-7] 					Promise.all([
[0-7] 						import("/_app/immutable/entry/start.CkYLcQaC.js"),
[0-7] 						import("/_app/immutable/entry/app.BpDh7PSE.js")
[0-7] 					]).then(([kit, app]) => {
[0-7] 						kit.start(app, element);
[0-7] 					});
[0-7] 				}
[0-7] 			</script>
[0-7] 		<!----><!----><!----><!----><!----><div class="list-window svelte-701jsl"><div class="draggable-titlebar titlebar svelte-5wg0lt" data-tauri-drag-region=""><div class="titlebar-left svelte-701jsl" data-tauri-drag-region=""><span class="app-name svelte-701jsl" data-tauri-drag-region="">WAYPOINT</span> <button class="icon-btn svelte-701jsl" title="使用說明">?</button></div> <div class="titlebar-right svelte-701jsl"><button class="icon-btn svelte-701jsl" title="設定">⚙</button> <button class="icon-btn svelte-701jsl" title="收起全部">⇊</button> <button class="icon-btn svelte-701jsl" title="最小化列表">—</button> <button class="icon-btn svelte-701jsl" title="結束 Waypoint">✕</button></div><!----></div><!----> <div class="list-body svelte-701jsl"><div class="section svelte-1hchbgo"><div class="section-header svelte-1hchbgo"><span class="section-label">🌐 全域筆記</span> <button class="add-btn svelte-1hchbgo" title="新增全域筆記">+</button></div> <!----><div role="button" tabindex="0" class="note-item svelte-1mz4n7r" draggable="true" data-note-id="45310885-35e0-4080-a4b1-1331f2c37da1" title="Untitled"><span class="icon svelte-1mz4n7r">📄</span> <span class="title svelte-1mz4n7r">Untitled</span></div><!----> <!----> <!----><!----><div role="button" tabindex="0" class="note-item svelte-1mz4n7r" draggable="true" data-note-id="78e07d29-e1ba-44ca-80f5-3dabde956f36" title="Untitled"><span class="icon svelte-1mz4n7r">📄</span> <span class="title svelte-1mz4n7r">Untitled</span></div><!----> <!----> <!----><!----><div role="button" tabindex="0" class="note-item svelte-1mz4n7r" draggable="true" data-note-id="86dac50f-d896-42c4-826e-913773347c5d" title="Untitled"><span class="icon svelte-1mz4n7r">📄</span> <span class="title svelte-1mz4n7r">Untitled</span></div><!----> <!----> <!----><!----><div role="button" tabindex="0" class="note-item svelte-1mz4n7r" draggable="true" data-note-id="9ff041ac-68fc-40e4-a4af-f06b62148dda" title="Untitled"><span class="icon svelte-1mz4n7r">📄</span> <span class="title svelte-1mz4n7r">Untitled</span></div><!----> <!----> <!----><!----><div role="button" tabindex="0" class="note-item svelte-1mz4n7r" draggable="true" data-note-id="c7752d54-07de-4603-9448-84476eca5adf" title="Untitled"><span class="icon svelte-1mz4n7r">📄</span> <span class="title svelte-1mz4n7r">Untitled</span></div><!----> <!----> <!----><!----><div role="button" tabindex="0" class="note-item svelte-1mz4n7r" draggable="true" data-note-id="f8312207-0a86-4dff-831c-80ea521bbedd" title="Untitled"><span class="icon svelte-1mz4n7r">📄</span> <span class="title svelte-1mz4n7r">Untitled</span></div><!----> <!----> <!----><!----></div><!----> <div class="divider"></div> <!----></div></div><!----> <div id="svelte-announcer" aria-live="assertive" aria-atomic="true" style="position: absolute; left: 0; top: 0; clip: rect(0 0 0 0); clip-path: inset(50%); overflow: hidden; white-space: nowrap; width: 1px; height: 1px"><!----></div><!----></div>
[0-7]   
[0-7] 
[0-7] </body></html>
[0-7] 2026-05-04T11:55:40.179Z INFO webdriver: COMMAND deleteSession()
[0-7] 2026-05-04T11:55:40.179Z INFO webdriver: [DELETE] http://127.0.0.1:4444/session/c9eb0c72dc06868dd62dce0bb8c26ae9
[0-7] 2026-05-04T11:55:40.209Z INFO webdriver: RESULT null
[0-7] PASSED in undefined - file:///D:/a/waypoint/waypoint/waypoint/e2e/specs/smoke.spec.js
2026-05-04T11:55:40.349Z INFO @wdio/cli:launcher: Run onWorkerEnd hook
2026-05-04T11:55:40.349Z INFO @wdio/cli:launcher: Run onWorkerStart hook
2026-05-04T11:55:40.350Z INFO @wdio/local-runner: Start worker 0-8 with arg: run e2e/wdio.conf.js
2026-05-04T11:55:40.380Z INFO @wdio/xvfb:ProcessFactory: xvfb-run not found, falling back to regular fork
2026-05-04T11:55:40.381Z INFO @wdio/xvfb:ProcessFactory: ProcessFactory: shouldRun=false, isAvailable=false
2026-05-04T11:55:40.381Z INFO @wdio/xvfb:ProcessFactory: Creating worker process with regular fork
[0-8] 2026-05-04T11:55:41.851Z INFO @wdio/local-runner: Run worker command: run
[0-8] RUNNING in undefined - file:///D:/a/waypoint/waypoint/waypoint/e2e/specs/system-windows-drag.spec.js
[0-8] 2026-05-04T11:55:42.272Z INFO webdriver: Initiate new session using the WebDriver protocol
[0-8] 2026-05-04T11:55:42.272Z INFO @wdio/utils: Connecting to existing driver at http://127.0.0.1:4444/
[0-8] 2026-05-04T11:55:42.287Z INFO webdriver: [POST] http://127.0.0.1:4444/session
[0-8] 2026-05-04T11:55:43.226Z INFO webdriver: COMMAND getWindowHandle()
[0-8] 2026-05-04T11:55:43.227Z INFO webdriver: [GET] http://127.0.0.1:4444/session/6a391f67877a8868adad289419a561ce/window
[0-8] 2026-05-04T11:55:43.232Z INFO webdriver: RESULT 3E2279ABFC682D39FD8FD36DCDB70263
[0-8] 2026-05-04T11:55:43.238Z INFO webdriver: COMMAND getPageSource()
[0-8] 2026-05-04T11:55:43.239Z INFO webdriver: [GET] http://127.0.0.1:4444/session/6a391f67877a8868adad289419a561ce/source
[0-8] 2026-05-04T11:55:43.244Z INFO webdriver: RESULT <html lang="en"><head>
[0-8]     <meta charset="utf-8">
[0-8]     <link rel="icon" href="http://tauri.localhost/favicon.png">
[0-8]     <meta name="viewport" content="width=device-width, initial-scale=1">
[0-8]     <title>Waypoint</title>
[0-8]     <link href="/_app/immutable/entry/start.CkYLcQaC.js" rel="modulepreload">
[0-8] 		<link href="/_app/immutable/chunks/xMTTk29t.js" rel="modulepreload">
[0-8] 		<link href="/_app/immutable/chunks/BrvQaNFF.js" rel="modulepreload">
[0-8] 		<link href="/_app/immutable/chunks/DwxfgNgC.js" rel="modulepreload">
[0-8] 		<link href="/_app/immutable/entry/app.BpDh7PSE.js" rel="modulepreload">
[0-8] 		<link href="/_app/immutable/chunks/CXr6ktTA.js" rel="modulepreload">
[0-8] 		<link href="/_app/immutable/chunks/D9elXV-C.js" rel="modulepreload">
[0-8] 		<link href="/_app/immutable/chunks/DnwWQDu8.js" rel="modulepreload">
[0-8] 		
[0-8]   <link rel="modulepreload" as="script" crossorigin="" href="http://tauri.localhost/_app/immutable/nodes/0.D7mbmQ2z.js"><link rel="modulepreload" as="script" crossorigin="" href="http://tauri.localhost/_app/immutable/chunks/C9OVhmEN.js"><link rel="stylesheet" crossorigin="" href="http://tauri.localhost/_app/immutable/assets/0.CkmnEqie.css"><link rel="modulepreload" as="script" crossorigin="" href="http://tauri.localhost/_app/immutable/nodes/1.BgVLJEVI.js"><link rel="modulepreload" as="script" crossorigin="" href="http://tauri.localhost/_app/immutable/nodes/2.hMicA2SK.js"><link rel="stylesheet" crossorigin="" href="http://tauri.localhost/_app/immutable/assets/2.D-ylHd_F.css"></head>
[0-8]   <!-- background 直接寫在 body，確保 JS 載入前不顯示白屏 -->
[0-8]   <body data-sveltekit-preload-data="hover" style="background:#1e1e1e;color:#cccccc">
[0-8]     <div style="display: contents">
[0-8] 			<script>
[0-8] 				{
[0-8] 					__sveltekit_1wk6xy5 = {
[0-8] 						base: ""
[0-8] 					};
[0-8] 
[0-8] 					const element = document.currentScript.parentElement;
[0-8] 
[0-8] 					Promise.all([
[0-8] 						import("/_app/immutable/entry/start.CkYLcQaC.js"),
[0-8] 						import("/_app/immutable/entry/app.BpDh7PSE.js")
[0-8] 					]).then(([kit, app]) => {
[0-8] 						kit.start(app, element);
[0-8] 					});
[0-8] 				}
[0-8] 			</script>
[0-8] 		<!----><!----><!----><!----><!----><div class="list-window svelte-701jsl"><div class="draggable-titlebar titlebar svelte-5wg0lt" data-tauri-drag-region=""><div class="titlebar-left svelte-701jsl" data-tauri-drag-region=""><span class="app-name svelte-701jsl" data-tauri-drag-region="">WAYPOINT</span> <button class="icon-btn svelte-701jsl" title="使用說明">?</button></div> <div class="titlebar-right svelte-701jsl"><button class="icon-btn svelte-701jsl" title="設定">⚙</button> <button class="icon-btn svelte-701jsl" title="收起全部">⇊</button> <button class="icon-btn svelte-701jsl" title="最小化列表">—</button> <button class="icon-btn svelte-701jsl" title="結束 Waypoint">✕</button></div><!----></div><!----> <div class="list-body svelte-701jsl"><div class="section svelte-1hchbgo"><div class="section-header svelte-1hchbgo"><span class="section-label">🌐 全域筆記</span> <button class="add-btn svelte-1hchbgo" title="新增全域筆記">+</button></div> <!----><div role="button" tabindex="0" class="note-item svelte-1mz4n7r" draggable="true" data-note-id="45310885-35e0-4080-a4b1-1331f2c37da1" title="Untitled"><span class="icon svelte-1mz4n7r">📄</span> <span class="title svelte-1mz4n7r">Untitled</span></div><!----> <!----> <!----><!----><div role="button" tabindex="0" class="note-item svelte-1mz4n7r" draggable="true" data-note-id="78e07d29-e1ba-44ca-80f5-3dabde956f36" title="Untitled"><span class="icon svelte-1mz4n7r">📄</span> <span class="title svelte-1mz4n7r">Untitled</span></div><!----> <!----> <!----><!----><div role="button" tabindex="0" class="note-item svelte-1mz4n7r" draggable="true" data-note-id="86dac50f-d896-42c4-826e-913773347c5d" title="Untitled"><span class="icon svelte-1mz4n7r">📄</span> <span class="title svelte-1mz4n7r">Untitled</span></div><!----> <!----> <!----><!----><div role="button" tabindex="0" class="note-item svelte-1mz4n7r" draggable="true" data-note-id="9ff041ac-68fc-40e4-a4af-f06b62148dda" title="Untitled"><span class="icon svelte-1mz4n7r">📄</span> <span class="title svelte-1mz4n7r">Untitled</span></div><!----> <!----> <!----><!----><div role="button" tabindex="0" class="note-item svelte-1mz4n7r" draggable="true" data-note-id="c7752d54-07de-4603-9448-84476eca5adf" title="Untitled"><span class="icon svelte-1mz4n7r">📄</span> <span class="title svelte-1mz4n7r">Untitled</span></div><!----> <!----> <!----><!----><div role="button" tabindex="0" class="note-item svelte-1mz4n7r" draggable="true" data-note-id="f8312207-0a86-4dff-831c-80ea521bbedd" title="Untitled"><span class="icon svelte-1mz4n7r">📄</span> <span class="title svelte-1mz4n7r">Untitled</span></div><!----> <!----> <!----><!----></div><!----> <div class="divider"></div> <!----></div></div><!----> <div id="svelte-announcer" aria-live="assertive" aria-atomic="true" style="position: absolute; left: 0; top: 0; clip: rect(0 0 0 0); clip-path: inset(50%); overflow: hidden; white-space: nowrap; width: 1px; height: 1px"><!----></div><!----></div>
[0-8]   
[0-8] 
[0-8] </body></html>
[0-8] 2026-05-04T11:55:43.246Z INFO webdriver: COMMAND executeScript(<fn>, <object>)
[0-8] 2026-05-04T11:55:43.247Z INFO webdriver: [POST] http://127.0.0.1:4444/session/6a391f67877a8868adad289419a561ce/execute/sync
[0-8] 2026-05-04T11:55:43.247Z INFO webdriver: DATA {"script":"\n            function webdriverioPolyfill() {\n  var __defProp = Object.defineProperty;\n  var __name = function(target, _value) {\n    return __defProp(target, \"name\", { value: _value, configurable: true });\n  };\n  var __globalThis = typeof globalThis === \"object\" && globalThis || typeof window === \"object\" && window;\n  __globalThis.__name = __name;\n}\n            webdriverioPolyfill();\n            return (() => typeof window.__TAURI_INTERNALS__?.invoke === \"function\").apply(null, arguments)\n        ","args":[]}
[0-8] 2026-05-04T11:55:43.258Z INFO webdriver: RESULT true
[0-8] 2026-05-04T11:55:43.262Z INFO webdriver: COMMAND getWindowHandles()
[0-8] 2026-05-04T11:55:43.263Z INFO webdriver: [GET] http://127.0.0.1:4444/session/6a391f67877a8868adad289419a561ce/window/handles
[0-8] 2026-05-04T11:55:43.271Z INFO webdriver: RESULT [ '3E2279ABFC682D39FD8FD36DCDB70263' ]
[0-8] 2026-05-04T11:55:43.273Z INFO webdriver: COMMAND switchToWindow("3E2279ABFC682D39FD8FD36DCDB70263")
[0-8] 2026-05-04T11:55:43.273Z INFO webdriver: [POST] http://127.0.0.1:4444/session/6a391f67877a8868adad289419a561ce/window
[0-8] 2026-05-04T11:55:43.273Z INFO webdriver: DATA {"handle":"3E2279ABFC682D39FD8FD36DCDB70263"}
[0-8] 2026-05-04T11:55:43.278Z INFO webdriver: RESULT null
[0-8] 2026-05-04T11:55:43.278Z INFO webdriver: COMMAND getWindowHandles()
[0-8] 2026-05-04T11:55:43.278Z INFO webdriver: [GET] http://127.0.0.1:4444/session/6a391f67877a8868adad289419a561ce/window/handles
[0-8] 2026-05-04T11:55:43.281Z INFO webdriver: RESULT [ '3E2279ABFC682D39FD8FD36DCDB70263' ]
[0-8] 2026-05-04T11:55:43.283Z INFO webdriver: COMMAND executeAsyncScript(<fn>, <object>)
[0-8] 2026-05-04T11:55:43.283Z INFO webdriver: [POST] http://127.0.0.1:4444/session/6a391f67877a8868adad289419a561ce/execute/async
[0-8] 2026-05-04T11:55:43.284Z INFO webdriver: DATA {"script":"\n            function webdriverioPolyfill() {\n  var __defProp = Object.defineProperty;\n  var __name = function(target, _value) {\n    return __defProp(target, \"name\", { value: _value, configurable: true });\n  };\n  var __globalThis = typeof globalThis === \"object\" && globalThis || typeof window === \"object\" && window;\n  __globalThis.__name = __name;\n}\n            webdriverioPolyfill()\n            return ((c, a, done) => {\r\n      window.__TAURI_INTERNALS__\r\n        .invoke(c, a)\r\n        .then((r) => done({ ok: true, value: r }))\r\n        .catch((e) => done({ ok: false, error: String(e) }));\r\n    }).apply(null, arguments)\n        ","args":["cmd_open_help",{}]}
[0-8] 2026-05-04T11:55:43.515Z INFO webdriver: RESULT { ok: true, value: null }
[0-8] 2026-05-04T11:55:43.517Z INFO webdriver: COMMAND getWindowHandles()
[0-8] 2026-05-04T11:55:43.517Z INFO webdriver: [GET] http://127.0.0.1:4444/session/6a391f67877a8868adad289419a561ce/window/handles
[0-8] 2026-05-04T11:55:43.539Z INFO webdriver: RESULT [
[0-8]   '3E2279ABFC682D39FD8FD36DCDB70263',
[0-8]   'C7FCAB6CA1BD3547EC58E68BF6C53B69'
[0-8] ]
[0-8] 2026-05-04T11:55:43.539Z INFO webdriver: COMMAND getWindowHandles()
[0-8] 2026-05-04T11:55:43.540Z INFO webdriver: [GET] http://127.0.0.1:4444/session/6a391f67877a8868adad289419a561ce/window/handles
[0-8] 2026-05-04T11:55:43.544Z INFO webdriver: RESULT [
[0-8]   '3E2279ABFC682D39FD8FD36DCDB70263',
[0-8]   'C7FCAB6CA1BD3547EC58E68BF6C53B69'
[0-8] ]
[0-8] 2026-05-04T11:55:43.545Z INFO webdriver: COMMAND switchToWindow("C7FCAB6CA1BD3547EC58E68BF6C53B69")
[0-8] 2026-05-04T11:55:43.545Z INFO webdriver: [POST] http://127.0.0.1:4444/session/6a391f67877a8868adad289419a561ce/window
[0-8] 2026-05-04T11:55:43.545Z INFO webdriver: DATA {"handle":"C7FCAB6CA1BD3547EC58E68BF6C53B69"}
[0-8] 2026-05-04T11:55:43.551Z INFO webdriver: RESULT null
[0-8] 2026-05-04T11:55:43.551Z INFO webdriver: COMMAND getPageSource()
[0-8] 2026-05-04T11:55:43.551Z INFO webdriver: [GET] http://127.0.0.1:4444/session/6a391f67877a8868adad289419a561ce/source
[0-8] 2026-05-04T11:55:43.699Z INFO webdriver: RESULT <html lang="en"><head>
[0-8]     <meta charset="utf-8">
[0-8]     <link rel="icon" href="http://tauri.localhost/favicon.png">
[0-8]     <meta name="viewport" content="width=device-width, initial-scale=1">
[0-8]     <title>Waypoint</title>
[0-8]     <link href="/_app/immutable/entry/start.CkYLcQaC.js" rel="modulepreload">
[0-8] 		<link href="/_app/immutable/chunks/xMTTk29t.js" rel="modulepreload">
[0-8] 		<link href="/_app/immutable/chunks/BrvQaNFF.js" rel="modulepreload">
[0-8] 		<link href="/_app/immutable/chunks/DwxfgNgC.js" rel="modulepreload">
[0-8] 		<link href="/_app/immutable/entry/app.BpDh7PSE.js" rel="modulepreload">
[0-8] 		<link href="/_app/immutable/chunks/CXr6ktTA.js" rel="modulepreload">
[0-8] 		<link href="/_app/immutable/chunks/D9elXV-C.js" rel="modulepreload">
[0-8] 		<link href="/_app/immutable/chunks/DnwWQDu8.js" rel="modulepreload">
[0-8] 		
[0-8]   <link rel="modulepreload" as="script" crossorigin="" href="http://tauri.localhost/_app/immutable/nodes/0.D7mbmQ2z.js"><link rel="modulepreload" as="script" crossorigin="" href="http://tauri.localhost/_app/immutable/chunks/C9OVhmEN.js"><link rel="stylesheet" crossorigin="" href="http://tauri.localhost/_app/immutable/assets/0.CkmnEqie.css"><link rel="modulepreload" as="script" crossorigin="" href="http://tauri.localhost/_app/immutable/nodes/1.BgVLJEVI.js"><link rel="modulepreload" as="script" crossorigin="" href="http://tauri.localhost/_app/immutable/nodes/2.hMicA2SK.js"><link rel="stylesheet" crossorigin="" href="http://tauri.localhost/_app/immutable/assets/2.D-ylHd_F.css"></head>
[0-8]   <!-- background 直接寫在 body，確保 JS 載入前不顯示白屏 -->
[0-8]   <body data-sveltekit-preload-data="hover" style="background:#1e1e1e;color:#cccccc">
[0-8]     <div style="display: contents">
[0-8] 			<script>
[0-8] 				{
[0-8] 					__sveltekit_1wk6xy5 = {
[0-8] 						base: ""
[0-8] 					};
[0-8] 
[0-8] 					const element = document.currentScript.parentElement;
[0-8] 
[0-8] 					Promise.all([
[0-8] 						import("/_app/immutable/entry/start.CkYLcQaC.js"),
[0-8] 						import("/_app/immutable/entry/app.BpDh7PSE.js")
[0-8] 					]).then(([kit, app]) => {
[0-8] 						kit.start(app, element);
[0-8] 					});
[0-8] 				}
[0-8] 			</script>
[0-8] 		<!----><!----><!----><!----><!----><div class="help-window svelte-1g2hxni"><div class="draggable-titlebar titlebar svelte-5wg0lt" data-tauri-drag-region=""><span class="title svelte-1g2hxni">Waypoint — 使用說明 <span class="version svelte-1g2hxni">v0.1.21</span></span> <button>✕</button><!----></div><!----> <div class="content svelte-1g2hxni"><section class="svelte-1g2hxni"><h2 class="svelte-1g2hxni">快捷鍵</h2> <table class="svelte-1g2hxni"><thead><tr><th class="svelte-1g2hxni">快捷鍵</th><th class="svelte-1g2hxni">功能</th><th class="svelte-1g2hxni">預設</th></tr></thead><tbody><tr><td class="svelte-1g2hxni"><strong>呼叫列表</strong></td><td class="svelte-1g2hxni">列表沒開時 → 開列表（並還原上次的筆記）；列表開著時 → 儲存 session 並收起全部</td><td class="svelte-1g2hxni"><code class="svelte-1g2hxni">Ctrl+Shift+Space</code></td></tr><tr><td class="svelte-1g2hxni"><strong>切換穿透</strong></td><td class="svelte-1g2hxni">所有筆記同時切換滑鼠穿透：開啟 → 點得到、關掉 → 滑鼠/鍵盤穿過筆記到底層應用程式（適合邊看筆記邊操作其他軟體）</td><td class="svelte-1g2hxni"><code class="svelte-1g2hxni">Ctrl+Shift+Q</code></td></tr></tbody></table> <p class="hint svelte-1g2hxni">兩個快捷鍵都可在列表視窗的設定（⚙）中重設。</p></section> <section class="svelte-1g2hxni"><h2 class="svelte-1g2hxni">全域筆記 vs 區域筆記</h2> <ul class="svelte-1g2hxni"><li class="svelte-1g2hxni"><strong>全域筆記：</strong>無論在哪個應用程式按快捷鍵都會出現在列表中</li> <li class="svelte-1g2hxni"><strong>區域筆記：</strong>只屬於特定應用程式（依 process 名稱或視窗標題識別）</li></ul></section> <section class="svelte-1g2hxni"><h2 class="svelte-1g2hxni">✕ vs ⇊ 的差異</h2> <ul class="svelte-1g2hxni"><li class="svelte-1g2hxni"><strong>✕（關閉按鈕）：</strong>永久關閉此筆記，下次不會自動還原</li> <li class="svelte-1g2hxni"><strong>⇊（收起按鈕）：</strong>收起所有視窗，但記住哪些筆記是開著的，下次自動還原</li></ul></section> <section class="svelte-1g2hxni"><h2 class="svelte-1g2hxni">視窗透明度</h2> <p class="svelte-1g2hxni">每個筆記 titlebar 內有獨立的透明度滑桿（10–100%），可讓視窗整體半透明，方便邊看筆記邊操作下方應用程式。設定值會儲存到該筆記的 settings，下次開啟自動套用。</p></section> <section class="svelte-1g2hxni"><h2 class="svelte-1g2hxni">如何設定 Context 識別方式</h2> <p class="svelte-1g2hxni">在列表視窗中，對 context 標題按右鍵，可選擇：程序名稱 或 視窗標題</p></section> <section class="svelte-1g2hxni"><h2 class="svelte-1g2hxni">跨平台 Context 對應</h2> <p class="svelte-1g2hxni">右鍵選單 →「對應到現有 context...」可將不同 OS 上的同一軟體合併。</p></section> <section class="svelte-1g2hxni"><h2 class="svelte-1g2hxni">筆記內容語法</h2> <p class="svelte-1g2hxni">筆記支援 Markdown 語法，包括：</p> <ul class="svelte-1g2hxni"><li class="svelte-1g2hxni"><code class="svelte-1g2hxni">#</code> / <code class="svelte-1g2hxni">##</code> / <code class="svelte-1g2hxni">###</code> — 標題</li> <li class="svelte-1g2hxni"><code class="svelte-1g2hxni">**bold**</code> — 粗體、<code class="svelte-1g2hxni">*italic*</code> — 斜體、<code class="svelte-1g2hxni">`code`</code> — 程式碼</li> <li class="svelte-1g2hxni"><code class="svelte-1g2hxni">- item</code> — 列表、<code class="svelte-1g2hxni">- [ ] item</code> — 待辦清單</li> <li class="svelte-1g2hxni"><code class="svelte-1g2hxni">[link](url)</code> — 超連結、<code class="svelte-1g2hxni">![alt](url)</code> — 圖片</li> <li class="svelte-1g2hxni"><code class="svelte-1g2hxni">```</code> — 程式碼區塊、<code class="svelte-1g2hxni">|col|col|</code> — 表格</li></ul></section> <section class="svelte-1g2hxni"><h2 class="svelte-1g2hxni">資料夾位置</h2> <p class="svelte-1g2hxni">所有筆記和設定存放在：<code class="svelte-1g2hxni">~/waypoint/</code>（Windows: <code class="svelte-1g2hxni">C:\Users\&lt;user&gt;\waypoint\</code>）</p> <p class="svelte-1g2hxni">複製此資料夾到其他電腦即可使用相同筆記與設定。</p></section></div></div><!----> <div id="svelte-announcer" aria-live="assertive" aria-atomic="true" style="position: absolute; left: 0; top: 0; clip: rect(0 0 0 0); clip-path: inset(50%); overflow: hidden; white-space: nowrap; width: 1px; height: 1px"><!----></div><!----></div>
[0-8]   
[0-8] 
[0-8] </body></html>
[0-8] 2026-05-04T11:55:43.699Z INFO webdriver: COMMAND executeScript(<fn>, <object>)
[0-8] 2026-05-04T11:55:43.700Z INFO webdriver: [POST] http://127.0.0.1:4444/session/6a391f67877a8868adad289419a561ce/execute/sync
[0-8] 2026-05-04T11:55:43.700Z INFO webdriver: DATA {"script":"\n            function webdriverioPolyfill() {\n  var __defProp = Object.defineProperty;\n  var __name = function(target, _value) {\n    return __defProp(target, \"name\", { value: _value, configurable: true });\n  };\n  var __globalThis = typeof globalThis === \"object\" && globalThis || typeof window === \"object\" && window;\n  __globalThis.__name = __name;\n}\n            webdriverioPolyfill();\n            return (() => {\r\n      const tb = document.querySelector(\".titlebar\");\r\n      return !!tb && tb.hasAttribute(\"data-tauri-drag-region\");\r\n    }).apply(null, arguments)\n        ","args":[]}
[0-8] 2026-05-04T11:55:43.707Z INFO webdriver: RESULT true
[0-8] 2026-05-04T11:55:43.708Z INFO webdriver: COMMAND getWindowHandles()
[0-8] 2026-05-04T11:55:43.709Z INFO webdriver: [GET] http://127.0.0.1:4444/session/6a391f67877a8868adad289419a561ce/window/handles
[0-8] 2026-05-04T11:55:43.711Z INFO webdriver: RESULT [
[0-8]   '3E2279ABFC682D39FD8FD36DCDB70263',
[0-8]   'C7FCAB6CA1BD3547EC58E68BF6C53B69'
[0-8] ]
[0-8] 2026-05-04T11:55:43.711Z INFO webdriver: COMMAND switchToWindow("3E2279ABFC682D39FD8FD36DCDB70263")
[0-8] 2026-05-04T11:55:43.711Z INFO webdriver: [POST] http://127.0.0.1:4444/session/6a391f67877a8868adad289419a561ce/window
[0-8] 2026-05-04T11:55:43.711Z INFO webdriver: DATA {"handle":"3E2279ABFC682D39FD8FD36DCDB70263"}
[0-8] 2026-05-04T11:55:43.714Z INFO webdriver: RESULT null
[0-8] 2026-05-04T11:55:43.714Z INFO webdriver: COMMAND getWindowHandles()
[0-8] 2026-05-04T11:55:43.715Z INFO webdriver: [GET] http://127.0.0.1:4444/session/6a391f67877a8868adad289419a561ce/window/handles
[0-8] 2026-05-04T11:55:43.717Z INFO webdriver: RESULT [
[0-8]   '3E2279ABFC682D39FD8FD36DCDB70263',
[0-8]   'C7FCAB6CA1BD3547EC58E68BF6C53B69'
[0-8] ]
[0-8] 2026-05-04T11:55:43.717Z INFO webdriver: COMMAND executeAsyncScript(<fn>, <object>)
[0-8] 2026-05-04T11:55:43.717Z INFO webdriver: [POST] http://127.0.0.1:4444/session/6a391f67877a8868adad289419a561ce/execute/async
[0-8] 2026-05-04T11:55:43.717Z INFO webdriver: DATA {"script":"\n            function webdriverioPolyfill() {\n  var __defProp = Object.defineProperty;\n  var __name = function(target, _value) {\n    return __defProp(target, \"name\", { value: _value, configurable: true });\n  };\n  var __globalThis = typeof globalThis === \"object\" && globalThis || typeof window === \"object\" && window;\n  __globalThis.__name = __name;\n}\n            webdriverioPolyfill()\n            return ((c, a, done) => {\r\n      window.__TAURI_INTERNALS__\r\n        .invoke(c, a)\r\n        .then((r) => done({ ok: true, value: r }))\r\n        .catch((e) => done({ ok: false, error: String(e) }));\r\n    }).apply(null, arguments)\n        ","args":["cmd_open_settings",{}]}
[0-8] 2026-05-04T11:55:43.866Z INFO webdriver: RESULT { ok: true, value: null }
[0-8] 2026-05-04T11:55:43.867Z INFO webdriver: COMMAND getWindowHandles()
[0-8] 2026-05-04T11:55:43.867Z INFO webdriver: [GET] http://127.0.0.1:4444/session/6a391f67877a8868adad289419a561ce/window/handles
[0-8] 2026-05-04T11:55:43.919Z INFO webdriver: RESULT [
[0-8]   '3E2279ABFC682D39FD8FD36DCDB70263',
[0-8]   'C7FCAB6CA1BD3547EC58E68BF6C53B69',
[0-8]   '1CFCFCBE53D8CC4AAAEA86CCE093DA4C'
[0-8] ]
[0-8] 2026-05-04T11:55:43.920Z INFO webdriver: COMMAND getWindowHandles()
[0-8] 2026-05-04T11:55:43.920Z INFO webdriver: [GET] http://127.0.0.1:4444/session/6a391f67877a8868adad289419a561ce/window/handles
[0-8] 2026-05-04T11:55:43.924Z INFO webdriver: RESULT [
[0-8]   '3E2279ABFC682D39FD8FD36DCDB70263',
[0-8]   'C7FCAB6CA1BD3547EC58E68BF6C53B69',
[0-8]   '1CFCFCBE53D8CC4AAAEA86CCE093DA4C'
[0-8] ]
[0-8] 2026-05-04T11:55:43.925Z INFO webdriver: COMMAND switchToWindow("1CFCFCBE53D8CC4AAAEA86CCE093DA4C")
[0-8] 2026-05-04T11:55:43.926Z INFO webdriver: [POST] http://127.0.0.1:4444/session/6a391f67877a8868adad289419a561ce/window
[0-8] 2026-05-04T11:55:43.926Z INFO webdriver: DATA {"handle":"1CFCFCBE53D8CC4AAAEA86CCE093DA4C"}
[0-8] 2026-05-04T11:55:43.930Z INFO webdriver: RESULT null
[0-8] 2026-05-04T11:55:43.930Z INFO webdriver: COMMAND getPageSource()
[0-8] 2026-05-04T11:55:43.931Z INFO webdriver: [GET] http://127.0.0.1:4444/session/6a391f67877a8868adad289419a561ce/source
[0-8] 2026-05-04T11:55:43.938Z INFO webdriver: RESULT <html lang="en"><head>
[0-8]     <meta charset="utf-8">
[0-8]     <link rel="icon" href="/favicon.png">
[0-8]     <meta name="viewport" content="width=device-width, initial-scale=1">
[0-8]     <title>Waypoint</title>
[0-8]     <link href="/_app/immutable/entry/start.CkYLcQaC.js" rel="modulepreload">
[0-8] 		<link href="/_app/immutable/chunks/xMTTk29t.js" rel="modulepreload">
[0-8] 		<link href="/_app/immutable/chunks/BrvQaNFF.js" rel="modulepreload">
[0-8] 		<link href="/_app/immutable/chunks/DwxfgNgC.js" rel="modulepreload">
[0-8] 		<link href="/_app/immutable/entry/app.BpDh7PSE.js" rel="modulepreload">
[0-8] 		<link href="/_app/immutable/chunks/CXr6ktTA.js" rel="modulepreload">
[0-8] 		<link href="/_app/immutable/chunks/D9elXV-C.js" rel="modulepreload">
[0-8] 		<link href="/_app/immutable/chunks/DnwWQDu8.js" rel="modulepreload">
[0-8] 		
[0-8]   <link rel="modulepreload" as="script" crossorigin="" href="http://tauri.localhost/_app/immutable/nodes/0.D7mbmQ2z.js"><link rel="modulepreload" as="script" crossorigin="" href="http://tauri.localhost/_app/immutable/chunks/C9OVhmEN.js"><link rel="stylesheet" crossorigin="" href="http://tauri.localhost/_app/immutable/assets/0.CkmnEqie.css"><link rel="modulepreload" as="script" crossorigin="" href="http://tauri.localhost/_app/immutable/nodes/1.BgVLJEVI.js"><link rel="modulepreload" as="script" crossorigin="" href="http://tauri.localhost/_app/immutable/nodes/2.hMicA2SK.js"><link rel="stylesheet" crossorigin="" href="http://tauri.localhost/_app/immutable/assets/2.D-ylHd_F.css"></head>
[0-8]   <!-- background 直接寫在 body，確保 JS 載入前不顯示白屏 -->
[0-8]   <body data-sveltekit-preload-data="hover" style="background:#1e1e1e;color:#cccccc">
[0-8]     <div style="display: contents">
[0-8] 			<script>
[0-8] 				{
[0-8] 					__sveltekit_1wk6xy5 = {
[0-8] 						base: ""
[0-8] 					};
[0-8] 
[0-8] 					const element = document.currentScript.parentElement;
[0-8] 
[0-8] 					Promise.all([
[0-8] 						import("/_app/immutable/entry/start.CkYLcQaC.js"),
[0-8] 						import("/_app/immutable/entry/app.BpDh7PSE.js")
[0-8] 					]).then(([kit, app]) => {
[0-8] 						kit.start(app, element);
[0-8] 					});
[0-8] 				}
[0-8] 			</script>
[0-8] 		</div>
[0-8]   
[0-8] 
[0-8] </body></html>
[0-8] 2026-05-04T11:55:44.031Z INFO webdriver: COMMAND getPageSource()
[0-8] 2026-05-04T11:55:44.031Z INFO webdriver: [GET] http://127.0.0.1:4444/session/6a391f67877a8868adad289419a561ce/source
[0-8] 2026-05-04T11:55:44.057Z INFO webdriver: RESULT <html lang="en"><head>
[0-8]     <meta charset="utf-8">
[0-8]     <link rel="icon" href="http://tauri.localhost/favicon.png">
[0-8]     <meta name="viewport" content="width=device-width, initial-scale=1">
[0-8]     <title>Waypoint</title>
[0-8]     <link href="/_app/immutable/entry/start.CkYLcQaC.js" rel="modulepreload">
[0-8] 		<link href="/_app/immutable/chunks/xMTTk29t.js" rel="modulepreload">
[0-8] 		<link href="/_app/immutable/chunks/BrvQaNFF.js" rel="modulepreload">
[0-8] 		<link href="/_app/immutable/chunks/DwxfgNgC.js" rel="modulepreload">
[0-8] 		<link href="/_app/immutable/entry/app.BpDh7PSE.js" rel="modulepreload">
[0-8] 		<link href="/_app/immutable/chunks/CXr6ktTA.js" rel="modulepreload">
[0-8] 		<link href="/_app/immutable/chunks/D9elXV-C.js" rel="modulepreload">
[0-8] 		<link href="/_app/immutable/chunks/DnwWQDu8.js" rel="modulepreload">
[0-8] 		
[0-8]   <link rel="modulepreload" as="script" crossorigin="" href="http://tauri.localhost/_app/immutable/nodes/0.D7mbmQ2z.js"><link rel="modulepreload" as="script" crossorigin="" href="http://tauri.localhost/_app/immutable/chunks/C9OVhmEN.js"><link rel="stylesheet" crossorigin="" href="http://tauri.localhost/_app/immutable/assets/0.CkmnEqie.css"><link rel="modulepreload" as="script" crossorigin="" href="http://tauri.localhost/_app/immutable/nodes/1.BgVLJEVI.js"><link rel="modulepreload" as="script" crossorigin="" href="http://tauri.localhost/_app/immutable/nodes/2.hMicA2SK.js"><link rel="stylesheet" crossorigin="" href="http://tauri.localhost/_app/immutable/assets/2.D-ylHd_F.css"></head>
[0-8]   <!-- background 直接寫在 body，確保 JS 載入前不顯示白屏 -->
[0-8]   <body data-sveltekit-preload-data="hover" style="background:#1e1e1e;color:#cccccc">
[0-8]     <div style="display: contents">
[0-8] 			<script>
[0-8] 				{
[0-8] 					__sveltekit_1wk6xy5 = {
[0-8] 						base: ""
[0-8] 					};
[0-8] 
[0-8] 					const element = document.currentScript.parentElement;
[0-8] 
[0-8] 					Promise.all([
[0-8] 						import("/_app/immutable/entry/start.CkYLcQaC.js"),
[0-8] 						import("/_app/immutable/entry/app.BpDh7PSE.js")
[0-8] 					]).then(([kit, app]) => {
[0-8] 						kit.start(app, element);
[0-8] 					});
[0-8] 				}
[0-8] 			</script>
[0-8] 		<!----><!----><!----><!----><!----><div class="settings-window svelte-1r12bng"><div class="draggable-titlebar titlebar svelte-5wg0lt" data-tauri-drag-region=""><span class="title svelte-1r12bng">Waypoint — 設定</span> <button class="close-btn svelte-1r12bng">✕</button><!----></div><!----> <div class="content svelte-1r12bng"><section class="svelte-1r12bng"><h2 class="svelte-1r12bng">全域快捷鍵</h2> <p class="desc svelte-1r12bng">按下快捷鍵開啟／收起 Waypoint 列表</p> <div class="row svelte-1r12bng"><button type="button" title="點擊後按下要設定的快捷鍵" class="hotkey-capture svelte-1r12bng">Ctrl+Shift+Space</button> <button disabled="">套用</button></div> <p class="hint svelte-1r12bng">點擊左側框後按下鍵盤組合鍵（Esc 取消）；範例：Ctrl+Shift+Space、Alt+F1</p> <!----></section> <!----> <section class="svelte-1r12bng"><h2 class="svelte-1r12bng">穿透模式快捷鍵</h2> <p class="desc svelte-1r12bng">按下後切換所有筆記穿透狀態</p> <div class="row svelte-1r12bng"><button type="button" title="點擊後按下要設定的快捷鍵" class="hotkey-capture svelte-1r12bng">Ctrl+Shift+Q</button> <button disabled="">套用</button></div> <p class="hint svelte-1r12bng">點擊左側框後按下鍵盤組合鍵（Esc 取消）；預設：Ctrl+Shift+Q</p> <!----> <!----></section> <section class="svelte-1r12bng"><h2 class="svelte-1r12bng">工作列圖示</h2> <p class="desc svelte-1r12bng">有筆記視窗開啟時在工作列顯示圖示</p> <div class="row svelte-1r12bng"><label class="toggle svelte-1r12bng"><input type="checkbox" class="svelte-1r12bng"> <span class="toggle-label svelte-1r12bng">已啟用</span></label></div></section> <section class="svelte-1r12bng"><h2 class="svelte-1r12bng">穿透模式文字透明度</h2> <p class="desc svelte-1r12bng">穿透模式時筆記文字是否也跟著透明</p> <div class="row svelte-1r12bng"><label class="toggle svelte-1r12bng"><input type="checkbox" data-testid="transparent-includes-text" class="svelte-1r12bng"> <span class="toggle-label svelte-1r12bng">文字也透明</span></label></div></section> <!----></div></div><!----> <div id="svelte-announcer" aria-live="assertive" aria-atomic="true" style="position: absolute; left: 0; top: 0; clip: rect(0 0 0 0); clip-path: inset(50%); overflow: hidden; white-space: nowrap; width: 1px; height: 1px"><!----></div><!----></div>
[0-8]   
[0-8] 
[0-8] </body></html>
[0-8] 2026-05-04T11:55:44.057Z INFO webdriver: COMMAND executeScript(<fn>, <object>)
[0-8] 2026-05-04T11:55:44.058Z INFO webdriver: [POST] http://127.0.0.1:4444/session/6a391f67877a8868adad289419a561ce/execute/sync
[0-8] 2026-05-04T11:55:44.058Z INFO webdriver: DATA {"script":"\n            function webdriverioPolyfill() {\n  var __defProp = Object.defineProperty;\n  var __name = function(target, _value) {\n    return __defProp(target, \"name\", { value: _value, configurable: true });\n  };\n  var __globalThis = typeof globalThis === \"object\" && globalThis || typeof window === \"object\" && window;\n  __globalThis.__name = __name;\n}\n            webdriverioPolyfill();\n            return (() => {\r\n      const tb = document.querySelector(\".titlebar\");\r\n      return !!tb && tb.hasAttribute(\"data-tauri-drag-region\");\r\n    }).apply(null, arguments)\n        ","args":[]}
[0-8] 2026-05-04T11:55:44.065Z INFO webdriver: RESULT true
[0-8] 2026-05-04T11:55:44.066Z INFO webdriver: COMMAND deleteSession()
[0-8] 2026-05-04T11:55:44.067Z INFO webdriver: [DELETE] http://127.0.0.1:4444/session/6a391f67877a8868adad289419a561ce
[0-8] 2026-05-04T11:55:44.105Z INFO webdriver: RESULT null
[0-8] PASSED in undefined - file:///D:/a/waypoint/waypoint/waypoint/e2e/specs/system-windows-drag.spec.js
2026-05-04T11:55:44.251Z INFO @wdio/cli:launcher: Run onWorkerEnd hook

 "spec" Reporter:
------------------------------------------------------------------
[webview2 147.0.3912.86 windows #0-0] Running: webview2 (v147.0.3912.86) on windows
[webview2 147.0.3912.86 windows #0-0] Session ID: 2d5666154d29565cad0874559b165187
[webview2 147.0.3912.86 windows #0-0]
[webview2 147.0.3912.86 windows #0-0] » e2e\specs\altf4-close.spec.js
[webview2 147.0.3912.86 windows #0-0] Alt+F4 關筆記後 list 不自動恢復
[webview2 147.0.3912.86 windows #0-0]    ✓ Alt+F4 等同的視窗關閉後，重開列表不會再自動拉起該筆記
[webview2 147.0.3912.86 windows #0-0]
[webview2 147.0.3912.86 windows #0-0] 1 passing (1s)
------------------------------------------------------------------
[webview2 147.0.3912.86 windows #0-1] Running: webview2 (v147.0.3912.86) on windows
[webview2 147.0.3912.86 windows #0-1] Session ID: 3079215ea2fcc410a47c93482168feb4
[webview2 147.0.3912.86 windows #0-1]
[webview2 147.0.3912.86 windows #0-1] » e2e\specs\drag.spec.js
[webview2 147.0.3912.86 windows #0-1] 筆記視窗可拖曳移動
[webview2 147.0.3912.86 windows #0-1]    ✓ titlebar 有 data-tauri-drag-region 屬性
[webview2 147.0.3912.86 windows #0-1]    ✓ titlebar 中央的 mousedown target 不是被遮住的 child
[webview2 147.0.3912.86 windows #0-1]    ✓ cmd_start_dragging 命令存在且不會丟錯（能力檢查）
[webview2 147.0.3912.86 windows #0-1]    ✓ 程式化位移：set_window_position → get_window_position 可正確變更
[webview2 147.0.3912.86 windows #0-1]
[webview2 147.0.3912.86 windows #0-1] 4 passing (1.2s)
------------------------------------------------------------------
[webview2 147.0.3912.86 windows #0-2] Running: webview2 (v147.0.3912.86) on windows
[webview2 147.0.3912.86 windows #0-2] Session ID: 8e13ca7aaf1d91fd6ddaa5b639e7cd49
[webview2 147.0.3912.86 windows #0-2]
[webview2 147.0.3912.86 windows #0-2] » e2e\specs\multi-window.spec.js
[webview2 147.0.3912.86 windows #0-2] help / settings / note 視窗非白屏
[webview2 147.0.3912.86 windows #0-2]    ✓ 說明視窗：cmd_open_help 後有內容
[webview2 147.0.3912.86 windows #0-2]    ✓ 設定視窗：cmd_open_settings 後有內容
[webview2 147.0.3912.86 windows #0-2]    ✓ 筆記視窗：建新筆記並開啟後有內容
[webview2 147.0.3912.86 windows #0-2]
[webview2 147.0.3912.86 windows #0-2] 3 passing (5.1s)
------------------------------------------------------------------
[webview2 147.0.3912.86 windows #0-3] Running: webview2 (v147.0.3912.86) on windows
[webview2 147.0.3912.86 windows #0-3] Session ID: d1aa0e11451c60020e0d522a3b6b117e
[webview2 147.0.3912.86 windows #0-3]
[webview2 147.0.3912.86 windows #0-3] » e2e\specs\no-stray-window.spec.js
[webview2 147.0.3912.86 windows #0-3] 啟動時無多餘視窗
[webview2 147.0.3912.86 windows #0-3]    ✓ WAYPOINT_E2E 自動啟動後只能存在 list 視窗
[webview2 147.0.3912.86 windows #0-3]
[webview2 147.0.3912.86 windows #0-3] 1 passing (70ms)
------------------------------------------------------------------
[webview2 147.0.3912.86 windows #0-4] Running: webview2 (v147.0.3912.86) on windows
[webview2 147.0.3912.86 windows #0-4] Session ID: 2eb309de36adf16d0c92d193d610054e
[webview2 147.0.3912.86 windows #0-4]
[webview2 147.0.3912.86 windows #0-4] » e2e\specs\note-collapse-button.spec.js
[webview2 147.0.3912.86 windows #0-4] 筆記 titlebar ⇊ 收起按鈕（R11）
[webview2 147.0.3912.86 windows #0-4]    ✓ ⇊ 按鈕存在於筆記 titlebar，按下後 emit collapse-all-requested
[webview2 147.0.3912.86 windows #0-4]
[webview2 147.0.3912.86 windows #0-4] 1 passing (837ms)
------------------------------------------------------------------
[webview2 147.0.3912.86 windows #0-5] Running: webview2 (v147.0.3912.86) on windows
[webview2 147.0.3912.86 windows #0-5] Session ID: 1b273463339efd1f691d1a6803576d60
[webview2 147.0.3912.86 windows #0-5]
[webview2 147.0.3912.86 windows #0-5] » e2e\specs\note-content-persistence.spec.js
[webview2 147.0.3912.86 windows #0-5] 筆記內容關閉後仍持久化
[webview2 147.0.3912.86 windows #0-5]    ✓ 輸入內容 → 點 ✕ 關閉 → 重新讀取，內容仍在
[webview2 147.0.3912.86 windows #0-5]    ✓ 關閉後重新開啟，markdown 會 render（# Heading 變 <h1>）
[webview2 147.0.3912.86 windows #0-5]
[webview2 147.0.3912.86 windows #0-5] 2 passing (1.2s)
------------------------------------------------------------------
[webview2 147.0.3912.86 windows #0-6] Running: webview2 (v147.0.3912.86) on windows
[webview2 147.0.3912.86 windows #0-6] Session ID: 8e174128da991e4374bf6b277e4a42b5
[webview2 147.0.3912.86 windows #0-6]
[webview2 147.0.3912.86 windows #0-6] » e2e\specs\note-deletion.spec.js
[webview2 147.0.3912.86 windows #0-6] 刪除筆記同步生命週期
[webview2 147.0.3912.86 windows #0-6]    ✓ 從列表刪除筆記 → 已開啟的筆記視窗自動關閉
[webview2 147.0.3912.86 windows #0-6]    ✖ 從筆記設定面板刪除筆記 → 列表同步移除
[webview2 147.0.3912.86 windows #0-6]
[webview2 147.0.3912.86 windows #0-6] 1 passing (785ms)
[webview2 147.0.3912.86 windows #0-6] 1 failing
[webview2 147.0.3912.86 windows #0-6]
[webview2 147.0.3912.86 windows #0-6] 1) 刪除筆記同步生命週期 從筆記設定面板刪除筆記 → 列表同步移除
[webview2 147.0.3912.86 windows #0-6] Cannot read properties of null (reading 'ok')
[webview2 147.0.3912.86 windows #0-6] TypeError: Cannot read properties of null (reading 'ok')
[webview2 147.0.3912.86 windows #0-6]     at Context.<anonymous> (file:///D:/a/waypoint/waypoint/waypoint/e2e/specs/note-deletion.spec.js:117:25)
[webview2 147.0.3912.86 windows #0-6]     at async Context.executeAsync (D:\a\waypoint\waypoint\waypoint\node_modules\@wdio\utils\build\index.js:1108:20)
[webview2 147.0.3912.86 windows #0-6]     at async Context.testFrameworkFnWrapper (D:\a\waypoint\waypoint\waypoint\node_modules\@wdio\utils\build\index.js:1188:14)
------------------------------------------------------------------
[webview2 147.0.3912.86 windows #0-7] Running: webview2 (v147.0.3912.86) on windows
[webview2 147.0.3912.86 windows #0-7] Session ID: c9eb0c72dc06868dd62dce0bb8c26ae9
[webview2 147.0.3912.86 windows #0-7]
[webview2 147.0.3912.86 windows #0-7] » e2e\specs\smoke.spec.js
[webview2 147.0.3912.86 windows #0-7] 列表視窗 smoke
[webview2 147.0.3912.86 windows #0-7]    ✓ body 背景不是白色（防白屏）
[webview2 147.0.3912.86 windows #0-7]    ✓ WAYPOINT 標題顯示於 titlebar
[webview2 147.0.3912.86 windows #0-7]    ✓ titlebar 五個按鈕齊全（?、⚙、⇊、—、✕）
[webview2 147.0.3912.86 windows #0-7]    ✓ titlebar 僅一個關閉按鈕（無雙層 X）
[webview2 147.0.3912.86 windows #0-7]    ✓ 全域筆記 section 存在
[webview2 147.0.3912.86 windows #0-7]
[webview2 147.0.3912.86 windows #0-7] 5 passing (448ms)
------------------------------------------------------------------
[webview2 147.0.3912.86 windows #0-8] Running: webview2 (v147.0.3912.86) on windows
[webview2 147.0.3912.86 windows #0-8] Session ID: 6a391f67877a8868adad289419a561ce
[webview2 147.0.3912.86 windows #0-8]
[webview2 147.0.3912.86 windows #0-8] » e2e\specs\system-windows-drag.spec.js
[webview2 147.0.3912.86 windows #0-8] Help / Settings titlebar 拖曳屬性（R12）
[webview2 147.0.3912.86 windows #0-8]    ✓ Help 視窗 .titlebar 具備 data-tauri-drag-region 屬性
[webview2 147.0.3912.86 windows #0-8]    ✓ Settings 視窗 .titlebar 具備 data-tauri-drag-region 屬性
[webview2 147.0.3912.86 windows #0-8]
[webview2 147.0.3912.86 windows #0-8] 2 passing (873ms)


Spec Files:	 8 passed, 1 failed, 9 total (100% completed) in 00:00:57  

2026-05-04T11:55:44.254Z INFO @wdio/local-runner: Shutting down spawned worker
2026-05-04T11:55:44.516Z INFO @wdio/local-runner: Waiting for 0 to shut down gracefully
2026-05-04T11:55:44.517Z INFO @wdio/local-runner: shutting down
2026-05-04T11:55:44.517Z INFO @wdio/cli:launcher: Run onComplete hook
